old_iri,new_iri,resource_type,module,migration_action,compatibility_notes
http://example.org/kg-mnp#alignmentStatus,https://yangjunjie-lin.github.io/KG-MNP-Demo/ontology/terms#alignmentStatus,AnnotationProperty,mnp-core,REWRITE,
http://example.org/kg-mnp#definingModule,https://yangjunjie-lin.github.io/KG-MNP-Demo/ontology/terms#definingModule,AnnotationProperty,mnp-core,REWRITE,
http://example.org/kg-mnp#replacementTerm,https://yangjunjie-lin.github.io/KG-MNP-Demo/ontology/terms#replacementTerm,AnnotationProperty,mnp-core,REWRITE,
http://example.org/kg-mnp#sourceStatus,https://yangjunjie-lin.github.io/KG-MNP-Demo/ontology/terms#sourceStatus,AnnotationProperty,mnp-core,REWRITE,
http://example.org/kg-mnp#APIResponse,https://yangjunjie-lin.github.io/KG-MNP-Demo/ontology/terms#APIResponse,Class,mnp-evidence-time,REWRITE,
http://example.org/kg-mnp#AssessmentDependency,https://yangjunjie-lin.github.io/KG-MNP-Demo/ontology/terms#AssessmentDependency,Class,mnp-compliance,DEPRECATE_AND_REWRITE_USAGE,Prefer https://yangjunjie-lin.github.io/KG-MNP-Demo/ontology/terms#usesEvidence
http://example.org/kg-mnp#AuthorizationCode,https://yangjunjie-lin.github.io/KG-MNP-Demo/ontology/terms#AuthorizationCode,Class,mnp-process,REWRITE,
http://example.org/kg-mnp#AuthorizationCodeRequest,https://yangjunjie-lin.github.io/KG-MNP-Demo/ontology/terms#AuthorizationCodeRequest,Class,mnp-process,REWRITE,
http://example.org/kg-mnp#Bill,https://yangjunjie-lin.github.io/KG-MNP-Demo/ontology/terms#Bill,Class,mnp-account-billing,REWRITE,
http://example.org/kg-mnp#BillingAccount,https://yangjunjie-lin.github.io/KG-MNP-Demo/ontology/terms#BillingAccount,Class,mnp-account-billing,REWRITE,
http://example.org/kg-mnp#BillingSettlement,https://yangjunjie-lin.github.io/KG-MNP-Demo/ontology/terms#BillingSettlement,Class,mnp-account-billing,REWRITE,
http://example.org/kg-mnp#BlockingDecision,https://yangjunjie-lin.github.io/KG-MNP-Demo/ontology/terms#BlockingDecision,Class,mnp-compliance,REWRITE,
http://example.org/kg-mnp#BlockingReason,https://yangjunjie-lin.github.io/KG-MNP-Demo/ontology/terms#BlockingReason,Class,mnp-compliance,REWRITE,
http://example.org/kg-mnp#BroadbandService,https://yangjunjie-lin.github.io/KG-MNP-Demo/ontology/terms#BroadbandService,Class,mnp-service-contract,REWRITE,
http://example.org/kg-mnp#Charge,https://yangjunjie-lin.github.io/KG-MNP-Demo/ontology/terms#Charge,Class,mnp-account-billing,REWRITE,
http://example.org/kg-mnp#CodeListEntry,https://yangjunjie-lin.github.io/KG-MNP-Demo/ontology/terms#CodeListEntry,Class,mnp-code-list,REWRITE,
http://example.org/kg-mnp#CommitmentPeriod,https://yangjunjie-lin.github.io/KG-MNP-Demo/ontology/terms#CommitmentPeriod,Class,mnp-service-contract,REWRITE,
http://example.org/kg-mnp#ConditionalDecision,https://yangjunjie-lin.github.io/KG-MNP-Demo/ontology/terms#ConditionalDecision,Class,mnp-compliance,REWRITE,
http://example.org/kg-mnp#ConvergedService,https://yangjunjie-lin.github.io/KG-MNP-Demo/ontology/terms#ConvergedService,Class,mnp-service-contract,REWRITE,
http://example.org/kg-mnp#EligibilityAssessment,https://yangjunjie-lin.github.io/KG-MNP-Demo/ontology/terms#EligibilityAssessment,Class,mnp-compliance,REWRITE,
http://example.org/kg-mnp#EligibilityCheck,https://yangjunjie-lin.github.io/KG-MNP-Demo/ontology/terms#EligibilityCheck,Class,mnp-process,REWRITE,
http://example.org/kg-mnp#EligibilityDecision,https://yangjunjie-lin.github.io/KG-MNP-Demo/ontology/terms#EligibilityDecision,Class,mnp-compliance,REWRITE,
http://example.org/kg-mnp#EligibilityRule,https://yangjunjie-lin.github.io/KG-MNP-Demo/ontology/terms#EligibilityRule,Class,mnp-compliance,REWRITE,
http://example.org/kg-mnp#EligibleDecision,https://yangjunjie-lin.github.io/KG-MNP-Demo/ontology/terms#EligibleDecision,Class,mnp-compliance,REWRITE,
http://example.org/kg-mnp#EvaluationTime,https://yangjunjie-lin.github.io/KG-MNP-Demo/ontology/terms#EvaluationTime,Class,mnp-evidence-time,REWRITE,
http://example.org/kg-mnp#EvidenceRecord,https://yangjunjie-lin.github.io/KG-MNP-Demo/ontology/terms#EvidenceRecord,Class,mnp-evidence-time,REWRITE,
http://example.org/kg-mnp#EvidenceValidity,https://yangjunjie-lin.github.io/KG-MNP-Demo/ontology/terms#EvidenceValidity,Class,mnp-evidence-time,REWRITE,
http://example.org/kg-mnp#IdentityDocument,https://yangjunjie-lin.github.io/KG-MNP-Demo/ontology/terms#IdentityDocument,Class,mnp-identity,REWRITE,
http://example.org/kg-mnp#IdentityVerification,https://yangjunjie-lin.github.io/KG-MNP-Demo/ontology/terms#IdentityVerification,Class,mnp-identity,REWRITE,
http://example.org/kg-mnp#InformationSystem,https://yangjunjie-lin.github.io/KG-MNP-Demo/ontology/terms#InformationSystem,Class,mnp-evidence-time,REWRITE,
http://example.org/kg-mnp#MNPCase,https://yangjunjie-lin.github.io/KG-MNP-Demo/ontology/terms#MNPCase,Class,mnp-process,REWRITE,
http://example.org/kg-mnp#MNPCaseStatus,https://yangjunjie-lin.github.io/KG-MNP-Demo/ontology/terms#MNPCaseStatus,Class,mnp-process,REWRITE,
http://example.org/kg-mnp#MNPRequest,https://yangjunjie-lin.github.io/KG-MNP-Demo/ontology/terms#MNPRequest,Class,mnp-process,REWRITE,
http://example.org/kg-mnp#ManualReviewDecision,https://yangjunjie-lin.github.io/KG-MNP-Demo/ontology/terms#ManualReviewDecision,Class,mnp-compliance,REWRITE,
http://example.org/kg-mnp#MappingRecord,https://yangjunjie-lin.github.io/KG-MNP-Demo/ontology/terms#MappingRecord,Class,mnp-modeling-provenance,REWRITE,
http://example.org/kg-mnp#MappingRule,https://yangjunjie-lin.github.io/KG-MNP-Demo/ontology/terms#MappingRule,Class,mnp-modeling-provenance,REWRITE,
http://example.org/kg-mnp#MobilePlan,https://yangjunjie-lin.github.io/KG-MNP-Demo/ontology/terms#MobilePlan,Class,mnp-service-contract,REWRITE,
http://example.org/kg-mnp#ModelingAssertion,https://yangjunjie-lin.github.io/KG-MNP-Demo/ontology/terms#ModelingAssertion,Class,mnp-modeling-provenance,REWRITE,
http://example.org/kg-mnp#ModelingEvidence,https://yangjunjie-lin.github.io/KG-MNP-Demo/ontology/terms#ModelingEvidence,Class,mnp-modeling-provenance,REWRITE,
http://example.org/kg-mnp#NaturalPerson,https://yangjunjie-lin.github.io/KG-MNP-Demo/ontology/terms#NaturalPerson,Class,mnp-identity,REWRITE,
http://example.org/kg-mnp#ObservationTime,https://yangjunjie-lin.github.io/KG-MNP-Demo/ontology/terms#ObservationTime,Class,mnp-evidence-time,REWRITE,
http://example.org/kg-mnp#OrganisationSubscriber,https://yangjunjie-lin.github.io/KG-MNP-Demo/ontology/terms#OrganisationSubscriber,Class,mnp-identity,REWRITE,
http://example.org/kg-mnp#OutstandingBalanceObservation,https://yangjunjie-lin.github.io/KG-MNP-Demo/ontology/terms#OutstandingBalanceObservation,Class,mnp-account-billing,REWRITE,
http://example.org/kg-mnp#Payment,https://yangjunjie-lin.github.io/KG-MNP-Demo/ontology/terms#Payment,Class,mnp-account-billing,REWRITE,
http://example.org/kg-mnp#PaymentArrangement,https://yangjunjie-lin.github.io/KG-MNP-Demo/ontology/terms#PaymentArrangement,Class,mnp-account-billing,REWRITE,
http://example.org/kg-mnp#PhoneNumber,https://yangjunjie-lin.github.io/KG-MNP-Demo/ontology/terms#PhoneNumber,Class,mnp-identity,REWRITE,
http://example.org/kg-mnp#PhoneNumberOwnership,https://yangjunjie-lin.github.io/KG-MNP-Demo/ontology/terms#PhoneNumberOwnership,Class,mnp-identity,REWRITE,
http://example.org/kg-mnp#PortInSubmission,https://yangjunjie-lin.github.io/KG-MNP-Demo/ontology/terms#PortInSubmission,Class,mnp-process,REWRITE,
http://example.org/kg-mnp#PortingConfirmation,https://yangjunjie-lin.github.io/KG-MNP-Demo/ontology/terms#PortingConfirmation,Class,mnp-process,REWRITE,
http://example.org/kg-mnp#PortingExecution,https://yangjunjie-lin.github.io/KG-MNP-Demo/ontology/terms#PortingExecution,Class,mnp-process,REWRITE,
http://example.org/kg-mnp#ProcessEvent,https://yangjunjie-lin.github.io/KG-MNP-Demo/ontology/terms#ProcessEvent,Class,mnp-process,REWRITE,
http://example.org/kg-mnp#ProcessStep,https://yangjunjie-lin.github.io/KG-MNP-Demo/ontology/terms#ProcessStep,Class,mnp-process,REWRITE,
http://example.org/kg-mnp#RealNameRegistration,https://yangjunjie-lin.github.io/KG-MNP-Demo/ontology/terms#RealNameRegistration,Class,mnp-identity,REWRITE,
http://example.org/kg-mnp#ReassessmentMarker,https://yangjunjie-lin.github.io/KG-MNP-Demo/ontology/terms#ReassessmentMarker,Class,mnp-compliance,REWRITE,
http://example.org/kg-mnp#RecordedTime,https://yangjunjie-lin.github.io/KG-MNP-Demo/ontology/terms#RecordedTime,Class,mnp-evidence-time,REWRITE,
http://example.org/kg-mnp#RegulatoryClause,https://yangjunjie-lin.github.io/KG-MNP-Demo/ontology/terms#RegulatoryClause,Class,mnp-compliance,REWRITE,
http://example.org/kg-mnp#RegulatoryDocument,https://yangjunjie-lin.github.io/KG-MNP-Demo/ontology/terms#RegulatoryDocument,Class,mnp-compliance,REWRITE,
http://example.org/kg-mnp#RelationAssertion,https://yangjunjie-lin.github.io/KG-MNP-Demo/ontology/terms#RelationAssertion,Class,mnp-modeling-provenance,REWRITE,
http://example.org/kg-mnp#RemediationAction,https://yangjunjie-lin.github.io/KG-MNP-Demo/ontology/terms#RemediationAction,Class,mnp-compliance,REWRITE,
http://example.org/kg-mnp#ReviewDecision,https://yangjunjie-lin.github.io/KG-MNP-Demo/ontology/terms#ReviewDecision,Class,mnp-modeling-provenance,REWRITE,
http://example.org/kg-mnp#RuleVersion,https://yangjunjie-lin.github.io/KG-MNP-Demo/ontology/terms#RuleVersion,Class,mnp-compliance,REWRITE,
http://example.org/kg-mnp#ServiceContract,https://yangjunjie-lin.github.io/KG-MNP-Demo/ontology/terms#ServiceContract,Class,mnp-service-contract,REWRITE,
http://example.org/kg-mnp#ServiceSubscription,https://yangjunjie-lin.github.io/KG-MNP-Demo/ontology/terms#ServiceSubscription,Class,mnp-service-contract,REWRITE,
http://example.org/kg-mnp#SourceField,https://yangjunjie-lin.github.io/KG-MNP-Demo/ontology/terms#SourceField,Class,mnp-modeling-provenance,REWRITE,
http://example.org/kg-mnp#SourceRecord,https://yangjunjie-lin.github.io/KG-MNP-Demo/ontology/terms#SourceRecord,Class,mnp-modeling-provenance,REWRITE,
http://example.org/kg-mnp#Subscriber,https://yangjunjie-lin.github.io/KG-MNP-Demo/ontology/terms#Subscriber,Class,mnp-identity,REWRITE,
http://example.org/kg-mnp#SupplementaryCardService,https://yangjunjie-lin.github.io/KG-MNP-Demo/ontology/terms#SupplementaryCardService,Class,mnp-service-contract,REWRITE,
http://example.org/kg-mnp#SystemObservation,https://yangjunjie-lin.github.io/KG-MNP-Demo/ontology/terms#SystemObservation,Class,mnp-evidence-time,REWRITE,
http://example.org/kg-mnp#TelecomAccount,https://yangjunjie-lin.github.io/KG-MNP-Demo/ontology/terms#TelecomAccount,Class,mnp-account-billing,REWRITE,
http://example.org/kg-mnp#TelecomService,https://yangjunjie-lin.github.io/KG-MNP-Demo/ontology/terms#TelecomService,Class,mnp-service-contract,REWRITE,
http://example.org/kg-mnp#TerminationAgreement,https://yangjunjie-lin.github.io/KG-MNP-Demo/ontology/terms#TerminationAgreement,Class,mnp-service-contract,REWRITE,
http://example.org/kg-mnp#ValueAddedService,https://yangjunjie-lin.github.io/KG-MNP-Demo/ontology/terms#ValueAddedService,Class,mnp-service-contract,REWRITE,
http://example.org/kg-mnp#actionCode,https://yangjunjie-lin.github.io/KG-MNP-Demo/ontology/terms#actionCode,DatatypeProperty,mnp-compliance,REWRITE,
http://example.org/kg-mnp#actionDescription,https://yangjunjie-lin.github.io/KG-MNP-Demo/ontology/terms#actionDescription,DatatypeProperty,mnp-compliance,REWRITE,
http://example.org/kg-mnp#apiEndpointCode,https://yangjunjie-lin.github.io/KG-MNP-Demo/ontology/terms#apiEndpointCode,DatatypeProperty,mnp-evidence-time,REWRITE,
http://example.org/kg-mnp#arrangementStatusCode,https://yangjunjie-lin.github.io/KG-MNP-Demo/ontology/terms#arrangementStatusCode,DatatypeProperty,mnp-account-billing,REWRITE,
http://example.org/kg-mnp#assessmentIdentifier,https://yangjunjie-lin.github.io/KG-MNP-Demo/ontology/terms#assessmentIdentifier,DatatypeProperty,mnp-compliance,REWRITE,
http://example.org/kg-mnp#assessmentTime,https://yangjunjie-lin.github.io/KG-MNP-Demo/ontology/terms#assessmentTime,DatatypeProperty,mnp-compliance,REWRITE,
http://example.org/kg-mnp#authCodeIssuedAt,https://yangjunjie-lin.github.io/KG-MNP-Demo/ontology/terms#authCodeIssuedAt,DatatypeProperty,mnp-process,REWRITE,
http://example.org/kg-mnp#authCodeStatus,https://yangjunjie-lin.github.io/KG-MNP-Demo/ontology/terms#authCodeStatus,DatatypeProperty,mnp-process,REWRITE,
http://example.org/kg-mnp#authCodeValidUntil,https://yangjunjie-lin.github.io/KG-MNP-Demo/ontology/terms#authCodeValidUntil,DatatypeProperty,mnp-process,REWRITE,
http://example.org/kg-mnp#authCodeValueMasked,https://yangjunjie-lin.github.io/KG-MNP-Demo/ontology/terms#authCodeValueMasked,DatatypeProperty,mnp-process,REWRITE,
http://example.org/kg-mnp#billPeriodEnd,https://yangjunjie-lin.github.io/KG-MNP-Demo/ontology/terms#billPeriodEnd,DatatypeProperty,mnp-account-billing,REWRITE,
http://example.org/kg-mnp#billPeriodStart,https://yangjunjie-lin.github.io/KG-MNP-Demo/ontology/terms#billPeriodStart,DatatypeProperty,mnp-account-billing,REWRITE,
http://example.org/kg-mnp#caseIdentifier,https://yangjunjie-lin.github.io/KG-MNP-Demo/ontology/terms#caseIdentifier,DatatypeProperty,mnp-process,REWRITE,
http://example.org/kg-mnp#caseStatusCode,https://yangjunjie-lin.github.io/KG-MNP-Demo/ontology/terms#caseStatusCode,DatatypeProperty,mnp-process,REWRITE,
http://example.org/kg-mnp#chargeAmount,https://yangjunjie-lin.github.io/KG-MNP-Demo/ontology/terms#chargeAmount,DatatypeProperty,mnp-account-billing,REWRITE,
http://example.org/kg-mnp#clauseIdentifier,https://yangjunjie-lin.github.io/KG-MNP-Demo/ontology/terms#clauseIdentifier,DatatypeProperty,mnp-compliance,REWRITE,
http://example.org/kg-mnp#clauseText,https://yangjunjie-lin.github.io/KG-MNP-Demo/ontology/terms#clauseText,DatatypeProperty,mnp-compliance,REWRITE,
http://example.org/kg-mnp#codeLabelEn,https://yangjunjie-lin.github.io/KG-MNP-Demo/ontology/terms#codeLabelEn,DatatypeProperty,mnp-code-list,REWRITE,
http://example.org/kg-mnp#codeLabelZh,https://yangjunjie-lin.github.io/KG-MNP-Demo/ontology/terms#codeLabelZh,DatatypeProperty,mnp-code-list,REWRITE,
http://example.org/kg-mnp#codeListName,https://yangjunjie-lin.github.io/KG-MNP-Demo/ontology/terms#codeListName,DatatypeProperty,mnp-code-list,REWRITE,
http://example.org/kg-mnp#codeValue,https://yangjunjie-lin.github.io/KG-MNP-Demo/ontology/terms#codeValue,DatatypeProperty,mnp-code-list,REWRITE,
http://example.org/kg-mnp#commitmentEndTime,https://yangjunjie-lin.github.io/KG-MNP-Demo/ontology/terms#commitmentEndTime,DatatypeProperty,mnp-service-contract,REWRITE,
http://example.org/kg-mnp#commitmentStartTime,https://yangjunjie-lin.github.io/KG-MNP-Demo/ontology/terms#commitmentStartTime,DatatypeProperty,mnp-service-contract,REWRITE,
http://example.org/kg-mnp#contractEndTime,https://yangjunjie-lin.github.io/KG-MNP-Demo/ontology/terms#contractEndTime,DatatypeProperty,mnp-service-contract,REWRITE,
http://example.org/kg-mnp#contractStatusCode,https://yangjunjie-lin.github.io/KG-MNP-Demo/ontology/terms#contractStatusCode,DatatypeProperty,mnp-service-contract,REWRITE,
http://example.org/kg-mnp#currencyCode,https://yangjunjie-lin.github.io/KG-MNP-Demo/ontology/terms#currencyCode,DatatypeProperty,mnp-evidence-time,REWRITE,
http://example.org/kg-mnp#daysSinceLastPort,https://yangjunjie-lin.github.io/KG-MNP-Demo/ontology/terms#daysSinceLastPort,DatatypeProperty,mnp-evidence-time,REWRITE,
http://example.org/kg-mnp#decisionCode,https://yangjunjie-lin.github.io/KG-MNP-Demo/ontology/terms#decisionCode,DatatypeProperty,mnp-compliance,REWRITE,
http://example.org/kg-mnp#documentIdentifier,https://yangjunjie-lin.github.io/KG-MNP-Demo/ontology/terms#documentIdentifier,DatatypeProperty,mnp-compliance,REWRITE,
http://example.org/kg-mnp#documentNumberMasked,https://yangjunjie-lin.github.io/KG-MNP-Demo/ontology/terms#documentNumberMasked,DatatypeProperty,mnp-identity,REWRITE,
http://example.org/kg-mnp#documentTypeCode,https://yangjunjie-lin.github.io/KG-MNP-Demo/ontology/terms#documentTypeCode,DatatypeProperty,mnp-identity,REWRITE,
http://example.org/kg-mnp#effectiveFrom,https://yangjunjie-lin.github.io/KG-MNP-Demo/ontology/terms#effectiveFrom,DatatypeProperty,mnp-compliance,REWRITE,
http://example.org/kg-mnp#effectiveTo,https://yangjunjie-lin.github.io/KG-MNP-Demo/ontology/terms#effectiveTo,DatatypeProperty,mnp-compliance,REWRITE,
http://example.org/kg-mnp#eventTime,https://yangjunjie-lin.github.io/KG-MNP-Demo/ontology/terms#eventTime,DatatypeProperty,mnp-process,REWRITE,
http://example.org/kg-mnp#eventTypeCode,https://yangjunjie-lin.github.io/KG-MNP-Demo/ontology/terms#eventTypeCode,DatatypeProperty,mnp-process,REWRITE,
http://example.org/kg-mnp#evidenceGeneratedAt,https://yangjunjie-lin.github.io/KG-MNP-Demo/ontology/terms#evidenceGeneratedAt,DatatypeProperty,mnp-evidence-time,REWRITE,
http://example.org/kg-mnp#evidenceStatus,https://yangjunjie-lin.github.io/KG-MNP-Demo/ontology/terms#evidenceStatus,DatatypeProperty,mnp-evidence-time,REWRITE,
http://example.org/kg-mnp#evidenceType,https://yangjunjie-lin.github.io/KG-MNP-Demo/ontology/terms#evidenceType,DatatypeProperty,mnp-evidence-time,REWRITE,
http://example.org/kg-mnp#evidenceValidUntil,https://yangjunjie-lin.github.io/KG-MNP-Demo/ontology/terms#evidenceValidUntil,DatatypeProperty,mnp-evidence-time,REWRITE,
http://example.org/kg-mnp#hasPaymentArrangement,https://yangjunjie-lin.github.io/KG-MNP-Demo/ontology/terms#hasPaymentArrangement,DatatypeProperty,mnp-evidence-time,REWRITE,
http://example.org/kg-mnp#identityMatchFlag,https://yangjunjie-lin.github.io/KG-MNP-Demo/ontology/terms#identityMatchFlag,DatatypeProperty,mnp-evidence-time,REWRITE,
http://example.org/kg-mnp#mappingReviewStatus,https://yangjunjie-lin.github.io/KG-MNP-Demo/ontology/terms#mappingReviewStatus,DatatypeProperty,mnp-modeling-provenance,REWRITE,
http://example.org/kg-mnp#maskedPhoneNumber,https://yangjunjie-lin.github.io/KG-MNP-Demo/ontology/terms#maskedPhoneNumber,DatatypeProperty,mnp-identity,REWRITE,
http://example.org/kg-mnp#moduleCode,https://yangjunjie-lin.github.io/KG-MNP-Demo/ontology/terms#moduleCode,DatatypeProperty,mnp-core,REWRITE,
http://example.org/kg-mnp#numberStatusCode,https://yangjunjie-lin.github.io/KG-MNP-Demo/ontology/terms#numberStatusCode,DatatypeProperty,mnp-evidence-time,REWRITE,
http://example.org/kg-mnp#observedAmount,https://yangjunjie-lin.github.io/KG-MNP-Demo/ontology/terms#observedAmount,DatatypeProperty,mnp-evidence-time,REWRITE,
http://example.org/kg-mnp#paymentAmount,https://yangjunjie-lin.github.io/KG-MNP-Demo/ontology/terms#paymentAmount,DatatypeProperty,mnp-account-billing,REWRITE,
http://example.org/kg-mnp#reasonCode,https://yangjunjie-lin.github.io/KG-MNP-Demo/ontology/terms#reasonCode,DatatypeProperty,mnp-compliance,REWRITE,
http://example.org/kg-mnp#reasonDescription,https://yangjunjie-lin.github.io/KG-MNP-Demo/ontology/terms#reasonDescription,DatatypeProperty,mnp-compliance,REWRITE,
http://example.org/kg-mnp#reassessmentReason,https://yangjunjie-lin.github.io/KG-MNP-Demo/ontology/terms#reassessmentReason,DatatypeProperty,mnp-compliance,REWRITE,
http://example.org/kg-mnp#requiresReassessment,https://yangjunjie-lin.github.io/KG-MNP-Demo/ontology/terms#requiresReassessment,DatatypeProperty,mnp-compliance,REWRITE,
http://example.org/kg-mnp#reviewOutcomeCode,https://yangjunjie-lin.github.io/KG-MNP-Demo/ontology/terms#reviewOutcomeCode,DatatypeProperty,mnp-modeling-provenance,REWRITE,
http://example.org/kg-mnp#ruleIdentifier,https://yangjunjie-lin.github.io/KG-MNP-Demo/ontology/terms#ruleIdentifier,DatatypeProperty,mnp-compliance,REWRITE,
http://example.org/kg-mnp#ruleVersion,https://yangjunjie-lin.github.io/KG-MNP-Demo/ontology/terms#ruleVersion,DatatypeProperty,mnp-compliance,REWRITE,
http://example.org/kg-mnp#sourceApi,https://yangjunjie-lin.github.io/KG-MNP-Demo/ontology/terms#sourceApi,DatatypeProperty,mnp-modeling-provenance,REWRITE,
http://example.org/kg-mnp#sourceFieldPath,https://yangjunjie-lin.github.io/KG-MNP-Demo/ontology/terms#sourceFieldPath,DatatypeProperty,mnp-modeling-provenance,REWRITE,
http://example.org/kg-mnp#stepCode,https://yangjunjie-lin.github.io/KG-MNP-Demo/ontology/terms#stepCode,DatatypeProperty,mnp-process,REWRITE,
http://example.org/kg-mnp#subscriptionStatusCode,https://yangjunjie-lin.github.io/KG-MNP-Demo/ontology/terms#subscriptionStatusCode,DatatypeProperty,mnp-service-contract,REWRITE,
http://example.org/kg-mnp#systemIdentifier,https://yangjunjie-lin.github.io/KG-MNP-Demo/ontology/terms#systemIdentifier,DatatypeProperty,mnp-evidence-time,REWRITE,
http://example.org/kg-mnp#targetTerm,https://yangjunjie-lin.github.io/KG-MNP-Demo/ontology/terms#targetTerm,DatatypeProperty,mnp-modeling-provenance,REWRITE,
http://example.org/kg-mnp#terminationEffectiveAt,https://yangjunjie-lin.github.io/KG-MNP-Demo/ontology/terms#terminationEffectiveAt,DatatypeProperty,mnp-service-contract,REWRITE,
http://example.org/kg-mnp#terminationSignedAt,https://yangjunjie-lin.github.io/KG-MNP-Demo/ontology/terms#terminationSignedAt,DatatypeProperty,mnp-service-contract,REWRITE,
http://example.org/kg-mnp#terminationStatusCode,https://yangjunjie-lin.github.io/KG-MNP-Demo/ontology/terms#terminationStatusCode,DatatypeProperty,mnp-service-contract,REWRITE,
http://example.org/kg-mnp#timeInstant,https://yangjunjie-lin.github.io/KG-MNP-Demo/ontology/terms#timeInstant,DatatypeProperty,mnp-evidence-time,REWRITE,
http://example.org/kg-mnp#validityEnd,https://yangjunjie-lin.github.io/KG-MNP-Demo/ontology/terms#validityEnd,DatatypeProperty,mnp-evidence-time,REWRITE,
http://example.org/kg-mnp#validityStart,https://yangjunjie-lin.github.io/KG-MNP-Demo/ontology/terms#validityStart,DatatypeProperty,mnp-evidence-time,REWRITE,
http://example.org/kg-mnp#verificationOutcome,https://yangjunjie-lin.github.io/KG-MNP-Demo/ontology/terms#verificationOutcome,DatatypeProperty,mnp-identity,REWRITE,
http://example.org/kg-mnp#Code-Auth-EXPIRED,https://yangjunjie-lin.github.io/KG-MNP-Demo/ontology/terms#Code-Auth-EXPIRED,Individual,mnp-code-list,REWRITE,
http://example.org/kg-mnp#Code-Auth-MISSING,https://yangjunjie-lin.github.io/KG-MNP-Demo/ontology/terms#Code-Auth-MISSING,Individual,mnp-code-list,REWRITE,
http://example.org/kg-mnp#Code-Auth-VALID,https://yangjunjie-lin.github.io/KG-MNP-Demo/ontology/terms#Code-Auth-VALID,Individual,mnp-code-list,REWRITE,
http://example.org/kg-mnp#Code-Evidence-EXPIRED,https://yangjunjie-lin.github.io/KG-MNP-Demo/ontology/terms#Code-Evidence-EXPIRED,Individual,mnp-code-list,REWRITE,
http://example.org/kg-mnp#Code-Evidence-VALID,https://yangjunjie-lin.github.io/KG-MNP-Demo/ontology/terms#Code-Evidence-VALID,Individual,mnp-code-list,REWRITE,
http://example.org/kg-mnp#Code-Step-AUTHORIZATION_CODE_REQUEST,https://yangjunjie-lin.github.io/KG-MNP-Demo/ontology/terms#Code-Step-AUTHORIZATION_CODE_REQUEST,Individual,mnp-code-list,REWRITE,
http://example.org/kg-mnp#Code-Step-ELIGIBILITY_CHECK,https://yangjunjie-lin.github.io/KG-MNP-Demo/ontology/terms#Code-Step-ELIGIBILITY_CHECK,Individual,mnp-code-list,REWRITE,
http://example.org/kg-mnp#Code-Step-PORT_IN_SUBMISSION,https://yangjunjie-lin.github.io/KG-MNP-Demo/ontology/terms#Code-Step-PORT_IN_SUBMISSION,Individual,mnp-code-list,REWRITE,
http://example.org/kg-mnp#,https://yangjunjie-lin.github.io/KG-MNP-Demo/ontology/terms#,Namespace,kg-mnp,REWRITE,Formal term namespace; instances use data/ base
http://example.org/kg-mnp#aboutCase,https://yangjunjie-lin.github.io/KG-MNP-Demo/ontology/terms#aboutCase,ObjectProperty,mnp-compliance,REWRITE,
http://example.org/kg-mnp#affectsAssessment,https://yangjunjie-lin.github.io/KG-MNP-Demo/ontology/terms#affectsAssessment,ObjectProperty,mnp-compliance,REWRITE,
http://example.org/kg-mnp#assertsOwnership,https://yangjunjie-lin.github.io/KG-MNP-Demo/ontology/terms#assertsOwnership,ObjectProperty,mnp-identity,REWRITE,
http://example.org/kg-mnp#assignedToSubscription,https://yangjunjie-lin.github.io/KG-MNP-Demo/ontology/terms#assignedToSubscription,ObjectProperty,mnp-identity,REWRITE,
http://example.org/kg-mnp#billedThrough,https://yangjunjie-lin.github.io/KG-MNP-Demo/ontology/terms#billedThrough,ObjectProperty,mnp-service-contract,REWRITE,
http://example.org/kg-mnp#citesClause,https://yangjunjie-lin.github.io/KG-MNP-Demo/ontology/terms#citesClause,ObjectProperty,mnp-compliance,REWRITE,
http://example.org/kg-mnp#concernsNumber,https://yangjunjie-lin.github.io/KG-MNP-Demo/ontology/terms#concernsNumber,ObjectProperty,mnp-process,REWRITE,
http://example.org/kg-mnp#coversService,https://yangjunjie-lin.github.io/KG-MNP-Demo/ontology/terms#coversService,ObjectProperty,mnp-service-contract,REWRITE,
http://example.org/kg-mnp#currentProcessStep,https://yangjunjie-lin.github.io/KG-MNP-Demo/ontology/terms#currentProcessStep,ObjectProperty,mnp-process,REWRITE,
http://example.org/kg-mnp#dependsOn,https://yangjunjie-lin.github.io/KG-MNP-Demo/ontology/terms#dependsOn,ObjectProperty,mnp-compliance,DEPRECATE_AND_REWRITE_USAGE,Prefer https://yangjunjie-lin.github.io/KG-MNP-Demo/ontology/terms#usesEvidence
http://example.org/kg-mnp#dependsOnEvidence,https://yangjunjie-lin.github.io/KG-MNP-Demo/ontology/terms#dependsOnEvidence,ObjectProperty,mnp-compliance,DEPRECATE_AND_REWRITE_USAGE,Prefer https://yangjunjie-lin.github.io/KG-MNP-Demo/ontology/terms#usesEvidence
http://example.org/kg-mnp#dependsOnRuleVersion,https://yangjunjie-lin.github.io/KG-MNP-Demo/ontology/terms#dependsOnRuleVersion,ObjectProperty,mnp-compliance,DEPRECATE_AND_REWRITE_USAGE,Prefer https://yangjunjie-lin.github.io/KG-MNP-Demo/ontology/terms#usesRuleVersion
http://example.org/kg-mnp#evaluatedAtTime,https://yangjunjie-lin.github.io/KG-MNP-Demo/ontology/terms#evaluatedAtTime,ObjectProperty,mnp-evidence-time,REWRITE,
http://example.org/kg-mnp#evaluatedByRule,https://yangjunjie-lin.github.io/KG-MNP-Demo/ontology/terms#evaluatedByRule,ObjectProperty,mnp-compliance,REWRITE,
http://example.org/kg-mnp#evidenceForCase,https://yangjunjie-lin.github.io/KG-MNP-Demo/ontology/terms#evidenceForCase,ObjectProperty,mnp-evidence-time,REWRITE,
http://example.org/kg-mnp#fieldOfSource,https://yangjunjie-lin.github.io/KG-MNP-Demo/ontology/terms#fieldOfSource,ObjectProperty,mnp-modeling-provenance,REWRITE,
http://example.org/kg-mnp#governedByContract,https://yangjunjie-lin.github.io/KG-MNP-Demo/ontology/terms#governedByContract,ObjectProperty,mnp-service-contract,REWRITE,
http://example.org/kg-mnp#hasAuthorizationCode,https://yangjunjie-lin.github.io/KG-MNP-Demo/ontology/terms#hasAuthorizationCode,ObjectProperty,mnp-process,REWRITE,
http://example.org/kg-mnp#hasBill,https://yangjunjie-lin.github.io/KG-MNP-Demo/ontology/terms#hasBill,ObjectProperty,mnp-account-billing,REWRITE,
http://example.org/kg-mnp#hasBlockingReason,https://yangjunjie-lin.github.io/KG-MNP-Demo/ontology/terms#hasBlockingReason,ObjectProperty,mnp-compliance,REWRITE,
http://example.org/kg-mnp#hasCaseEvidence,https://yangjunjie-lin.github.io/KG-MNP-Demo/ontology/terms#hasCaseEvidence,ObjectProperty,mnp-process,REWRITE,
http://example.org/kg-mnp#hasCaseStatus,https://yangjunjie-lin.github.io/KG-MNP-Demo/ontology/terms#hasCaseStatus,ObjectProperty,mnp-process,REWRITE,
http://example.org/kg-mnp#hasCharge,https://yangjunjie-lin.github.io/KG-MNP-Demo/ontology/terms#hasCharge,ObjectProperty,mnp-account-billing,REWRITE,
http://example.org/kg-mnp#hasCommitmentPeriod,https://yangjunjie-lin.github.io/KG-MNP-Demo/ontology/terms#hasCommitmentPeriod,ObjectProperty,mnp-service-contract,REWRITE,
http://example.org/kg-mnp#hasEligibilityAssessment,https://yangjunjie-lin.github.io/KG-MNP-Demo/ontology/terms#hasEligibilityAssessment,ObjectProperty,mnp-process,REWRITE,
http://example.org/kg-mnp#hasEvidenceValidity,https://yangjunjie-lin.github.io/KG-MNP-Demo/ontology/terms#hasEvidenceValidity,ObjectProperty,mnp-evidence-time,REWRITE,
http://example.org/kg-mnp#hasIdentityDocument,https://yangjunjie-lin.github.io/KG-MNP-Demo/ontology/terms#hasIdentityDocument,ObjectProperty,mnp-identity,REWRITE,
http://example.org/kg-mnp#hasModelingEvidence,https://yangjunjie-lin.github.io/KG-MNP-Demo/ontology/terms#hasModelingEvidence,ObjectProperty,mnp-modeling-provenance,REWRITE,
http://example.org/kg-mnp#hasPayment,https://yangjunjie-lin.github.io/KG-MNP-Demo/ontology/terms#hasPayment,ObjectProperty,mnp-account-billing,REWRITE,
http://example.org/kg-mnp#hasPaymentArrangementRecord,https://yangjunjie-lin.github.io/KG-MNP-Demo/ontology/terms#hasPaymentArrangementRecord,ObjectProperty,mnp-account-billing,REWRITE,
http://example.org/kg-mnp#hasProcessEvent,https://yangjunjie-lin.github.io/KG-MNP-Demo/ontology/terms#hasProcessEvent,ObjectProperty,mnp-process,REWRITE,
http://example.org/kg-mnp#hasProcessStep,https://yangjunjie-lin.github.io/KG-MNP-Demo/ontology/terms#hasProcessStep,ObjectProperty,mnp-process,REWRITE,
http://example.org/kg-mnp#hasRealNameRegistration,https://yangjunjie-lin.github.io/KG-MNP-Demo/ontology/terms#hasRealNameRegistration,ObjectProperty,mnp-identity,REWRITE,
http://example.org/kg-mnp#hasReviewDecision,https://yangjunjie-lin.github.io/KG-MNP-Demo/ontology/terms#hasReviewDecision,ObjectProperty,mnp-modeling-provenance,REWRITE,
http://example.org/kg-mnp#hasRuleVersion,https://yangjunjie-lin.github.io/KG-MNP-Demo/ontology/terms#hasRuleVersion,ObjectProperty,mnp-compliance,REWRITE,
http://example.org/kg-mnp#hasSourceSystem,https://yangjunjie-lin.github.io/KG-MNP-Demo/ontology/terms#hasSourceSystem,ObjectProperty,mnp-evidence-time,REWRITE,
http://example.org/kg-mnp#hasSubscription,https://yangjunjie-lin.github.io/KG-MNP-Demo/ontology/terms#hasSubscription,ObjectProperty,mnp-identity,DEPRECATE_AND_REWRITE_USAGE,Prefer https://yangjunjie-lin.github.io/KG-MNP-Demo/ontology/terms#holdsSubscription
http://example.org/kg-mnp#hasTerminationAgreement,https://yangjunjie-lin.github.io/KG-MNP-Demo/ontology/terms#hasTerminationAgreement,ObjectProperty,mnp-service-contract,REWRITE,
http://example.org/kg-mnp#holdsSubscription,https://yangjunjie-lin.github.io/KG-MNP-Demo/ontology/terms#holdsSubscription,ObjectProperty,mnp-identity,REWRITE,
http://example.org/kg-mnp#mapsSourceField,https://yangjunjie-lin.github.io/KG-MNP-Demo/ontology/terms#mapsSourceField,ObjectProperty,mnp-modeling-provenance,REWRITE,
http://example.org/kg-mnp#markedForReassessment,https://yangjunjie-lin.github.io/KG-MNP-Demo/ontology/terms#markedForReassessment,ObjectProperty,mnp-compliance,REWRITE,
http://example.org/kg-mnp#nextProcessStep,https://yangjunjie-lin.github.io/KG-MNP-Demo/ontology/terms#nextProcessStep,ObjectProperty,mnp-process,REWRITE,
http://example.org/kg-mnp#observedAtTime,https://yangjunjie-lin.github.io/KG-MNP-Demo/ontology/terms#observedAtTime,ObjectProperty,mnp-evidence-time,REWRITE,
http://example.org/kg-mnp#observesAccount,https://yangjunjie-lin.github.io/KG-MNP-Demo/ontology/terms#observesAccount,ObjectProperty,mnp-account-billing,REWRITE,
http://example.org/kg-mnp#operationalizesClause,https://yangjunjie-lin.github.io/KG-MNP-Demo/ontology/terms#operationalizesClause,ObjectProperty,mnp-compliance,REWRITE,
http://example.org/kg-mnp#ownershipHolder,https://yangjunjie-lin.github.io/KG-MNP-Demo/ontology/terms#ownershipHolder,ObjectProperty,mnp-identity,REWRITE,
http://example.org/kg-mnp#ownsPhoneNumber,https://yangjunjie-lin.github.io/KG-MNP-Demo/ontology/terms#ownsPhoneNumber,ObjectProperty,mnp-identity,DEPRECATE_AND_REWRITE_USAGE,Prefer https://yangjunjie-lin.github.io/KG-MNP-Demo/ontology/terms#assignedToSubscription
http://example.org/kg-mnp#partOfDocument,https://yangjunjie-lin.github.io/KG-MNP-Demo/ontology/terms#partOfDocument,ObjectProperty,mnp-compliance,REWRITE,
http://example.org/kg-mnp#producesBlockingReason,https://yangjunjie-lin.github.io/KG-MNP-Demo/ontology/terms#producesBlockingReason,ObjectProperty,mnp-compliance,DEPRECATE_AND_REWRITE_USAGE,Prefer https://yangjunjie-lin.github.io/KG-MNP-Demo/ontology/terms#hasBlockingReason
http://example.org/kg-mnp#producesDecision,https://yangjunjie-lin.github.io/KG-MNP-Demo/ontology/terms#producesDecision,ObjectProperty,mnp-compliance,REWRITE,
http://example.org/kg-mnp#recommendsAction,https://yangjunjie-lin.github.io/KG-MNP-Demo/ontology/terms#recommendsAction,ObjectProperty,mnp-compliance,REWRITE,
http://example.org/kg-mnp#recordedAtTime,https://yangjunjie-lin.github.io/KG-MNP-Demo/ontology/terms#recordedAtTime,ObjectProperty,mnp-evidence-time,REWRITE,
http://example.org/kg-mnp#relatedAccount,https://yangjunjie-lin.github.io/KG-MNP-Demo/ontology/terms#relatedAccount,ObjectProperty,mnp-account-billing,DEPRECATE_AND_REWRITE_USAGE,Prefer https://yangjunjie-lin.github.io/KG-MNP-Demo/ontology/terms#billedThrough
http://example.org/kg-mnp#requestedBy,https://yangjunjie-lin.github.io/KG-MNP-Demo/ontology/terms#requestedBy,ObjectProperty,mnp-process,REWRITE,
http://example.org/kg-mnp#settlesAccount,https://yangjunjie-lin.github.io/KG-MNP-Demo/ontology/terms#settlesAccount,ObjectProperty,mnp-account-billing,REWRITE,
http://example.org/kg-mnp#subscribesToService,https://yangjunjie-lin.github.io/KG-MNP-Demo/ontology/terms#subscribesToService,ObjectProperty,mnp-service-contract,REWRITE,
http://example.org/kg-mnp#supersedesRuleVersion,https://yangjunjie-lin.github.io/KG-MNP-Demo/ontology/terms#supersedesRuleVersion,ObjectProperty,mnp-compliance,REWRITE,
http://example.org/kg-mnp#supportedByEvidence,https://yangjunjie-lin.github.io/KG-MNP-Demo/ontology/terms#supportedByEvidence,ObjectProperty,mnp-compliance,REWRITE,
http://example.org/kg-mnp#triggeredByRule,https://yangjunjie-lin.github.io/KG-MNP-Demo/ontology/terms#triggeredByRule,ObjectProperty,mnp-compliance,REWRITE,
http://example.org/kg-mnp#triggeredByRuleVersion,https://yangjunjie-lin.github.io/KG-MNP-Demo/ontology/terms#triggeredByRuleVersion,ObjectProperty,mnp-compliance,REWRITE,
http://example.org/kg-mnp#usesEvidence,https://yangjunjie-lin.github.io/KG-MNP-Demo/ontology/terms#usesEvidence,ObjectProperty,mnp-compliance,REWRITE,
http://example.org/kg-mnp#usesMappingRule,https://yangjunjie-lin.github.io/KG-MNP-Demo/ontology/terms#usesMappingRule,ObjectProperty,mnp-modeling-provenance,REWRITE,
http://example.org/kg-mnp#usesRuleVersion,https://yangjunjie-lin.github.io/KG-MNP-Demo/ontology/terms#usesRuleVersion,ObjectProperty,mnp-compliance,REWRITE,
http://example.org/kg-mnp#verifiedBy,https://yangjunjie-lin.github.io/KG-MNP-Demo/ontology/terms#verifiedBy,ObjectProperty,mnp-identity,REWRITE,
http://example.org/kg-mnp/account-billing,https://yangjunjie-lin.github.io/KG-MNP-Demo/ontology/mnp-account-billing,Ontology,mnp-account-billing,REWRITE,Also version IRI https://yangjunjie-lin.github.io/KG-MNP-Demo/ontology/1.0.0/mnp-account-billing
http://example.org/kg-mnp/alignments,https://yangjunjie-lin.github.io/KG-MNP-Demo/ontology/mnp-alignments,Ontology,mnp-alignments,REWRITE,Also version IRI https://yangjunjie-lin.github.io/KG-MNP-Demo/ontology/1.0.0/mnp-alignments
http://example.org/kg-mnp/code-list,https://yangjunjie-lin.github.io/KG-MNP-Demo/ontology/mnp-code-list,Ontology,mnp-code-list,REWRITE,Also version IRI https://yangjunjie-lin.github.io/KG-MNP-Demo/ontology/1.0.0/mnp-code-list
http://example.org/kg-mnp/compliance,https://yangjunjie-lin.github.io/KG-MNP-Demo/ontology/mnp-compliance,Ontology,mnp-compliance,REWRITE,Also version IRI https://yangjunjie-lin.github.io/KG-MNP-Demo/ontology/1.0.0/mnp-compliance
http://example.org/kg-mnp/core,https://yangjunjie-lin.github.io/KG-MNP-Demo/ontology/mnp-core,Ontology,mnp-core,REWRITE,Also version IRI https://yangjunjie-lin.github.io/KG-MNP-Demo/ontology/1.0.0/mnp-core
http://example.org/kg-mnp/evidence-time,https://yangjunjie-lin.github.io/KG-MNP-Demo/ontology/mnp-evidence-time,Ontology,mnp-evidence-time,REWRITE,Also version IRI https://yangjunjie-lin.github.io/KG-MNP-Demo/ontology/1.0.0/mnp-evidence-time
http://example.org/kg-mnp/identity,https://yangjunjie-lin.github.io/KG-MNP-Demo/ontology/mnp-identity,Ontology,mnp-identity,REWRITE,Also version IRI https://yangjunjie-lin.github.io/KG-MNP-Demo/ontology/1.0.0/mnp-identity
http://example.org/kg-mnp/process,https://yangjunjie-lin.github.io/KG-MNP-Demo/ontology/mnp-process,Ontology,mnp-process,REWRITE,Also version IRI https://yangjunjie-lin.github.io/KG-MNP-Demo/ontology/1.0.0/mnp-process
http://example.org/kg-mnp/service-contract,https://yangjunjie-lin.github.io/KG-MNP-Demo/ontology/mnp-service-contract,Ontology,mnp-service-contract,REWRITE,Also version IRI https://yangjunjie-lin.github.io/KG-MNP-Demo/ontology/1.0.0/mnp-service-contract
