term_iri,local_name,term_type,defining_module,label_en,label_zh_cn,definition_en,definition_zh_cn,superclass,domain,range,inverse_property,characteristics,deprecated,replacement_term,source,source_status,audit_decision,audit_notes
https://yangjunjie-lin.github.io/KG-MNP-Demo/ontology/terms#alignmentStatus,alignmentStatus,AnnotationProperty,mnp-core,Alignment Status,对齐状态,"Human-reviewed alignment status: VERIFIED, PARTIAL, or LOCAL_ONLY.",人工审定的外部对齐状态：VERIFIED、PARTIAL 或 LOCAL_ONLY。,,,,,,false,,LOCAL_EXTENSION,PROJECT_GOVERNANCE,ACCEPT,Retained in core as cross-module annotation.
https://yangjunjie-lin.github.io/KG-MNP-Demo/ontology/terms#definingModule,definingModule,AnnotationProperty,mnp-core,Defining Module,定义模块,Annotation naming the single defining ontology module for a term.,标注术语唯一正式定义模块的注解属性。,,,,,,false,,LOCAL_EXTENSION,PROJECT_GOVERNANCE,ACCEPT,
https://yangjunjie-lin.github.io/KG-MNP-Demo/ontology/terms#replacementTerm,replacementTerm,AnnotationProperty,mnp-core,Replacement Term,替代术语,Points from a deprecated term to its recommended replacement.,从已弃用术语指向推荐替代术语。,,,,,,false,,LOCAL_EXTENSION,PROJECT_GOVERNANCE,ACCEPT,
https://yangjunjie-lin.github.io/KG-MNP-Demo/ontology/terms#sourceStatus,sourceStatus,AnnotationProperty,mnp-core,Source Status,来源状态,"Provenance status of a local term: LOCAL_EXTENSION, INDUSTRY_ALIGNED, STANDARD_REUSED, or PROJECT_GOVERNANCE.",本地术语来源状态：LOCAL_EXTENSION、INDUSTRY_ALIGNED、STANDARD_REUSED 或 PROJECT_GOVERNANCE。,,,,,,false,,LOCAL_EXTENSION,PROJECT_GOVERNANCE,ACCEPT,
https://yangjunjie-lin.github.io/KG-MNP-Demo/ontology/terms#Bill,Bill,Class,mnp-account-billing,Bill,账单,A periodic bill issued against a billing account.,针对计费账户出具的周期账单。,,,,,,false,,LOCAL_EXTENSION,LOCAL_EXTENSION,ACCEPT,
https://yangjunjie-lin.github.io/KG-MNP-Demo/ontology/terms#BillingAccount,BillingAccount,Class,mnp-account-billing,Billing Account,计费账户,A billing account that aggregates charges and payments.,汇总费用与缴费的计费账户。,TelecomAccount,,,,,false,,LOCAL_EXTENSION,INDUSTRY_ALIGNED,ACCEPT,
https://yangjunjie-lin.github.io/KG-MNP-Demo/ontology/terms#BillingSettlement,BillingSettlement,Class,mnp-account-billing,Billing Settlement,计费结清,A settlement event clearing outstanding balances.,结清欠费余额的结算事件。,,,,,,false,,LOCAL_EXTENSION,LOCAL_EXTENSION,ACCEPT,
https://yangjunjie-lin.github.io/KG-MNP-Demo/ontology/terms#Charge,Charge,Class,mnp-account-billing,Charge,费用项,An individual charge line on a bill.,账单上的单项费用。,,,,,,false,,LOCAL_EXTENSION,LOCAL_EXTENSION,ACCEPT,
https://yangjunjie-lin.github.io/KG-MNP-Demo/ontology/terms#OutstandingBalanceObservation,OutstandingBalanceObservation,Class,mnp-account-billing,Outstanding Balance Observation,欠费余额观测,Observed outstanding balance used as billing evidence.,用作计费证据的欠费余额观测。,SystemObservation,,,,,false,,LOCAL_EXTENSION,LOCAL_EXTENSION,ACCEPT,
https://yangjunjie-lin.github.io/KG-MNP-Demo/ontology/terms#Payment,Payment,Class,mnp-account-billing,Payment,缴费,A payment applied to a billing account.,应用于计费账户的缴费。,,,,,,false,,LOCAL_EXTENSION,LOCAL_EXTENSION,ACCEPT,
https://yangjunjie-lin.github.io/KG-MNP-Demo/ontology/terms#PaymentArrangement,PaymentArrangement,Class,mnp-account-billing,Payment Arrangement,缴费安排,An agreed payment plan that may clear portability restrictions.,可能解除携转限制的约定缴费安排。,,,,,,false,,LOCAL_EXTENSION,LOCAL_EXTENSION,ACCEPT,
https://yangjunjie-lin.github.io/KG-MNP-Demo/ontology/terms#TelecomAccount,TelecomAccount,Class,mnp-account-billing,Telecom Account,电信账户,A billing or customer account through which services are charged.,用于计费或客户管理的电信账户。,,,,,,false,,LOCAL_EXTENSION,INDUSTRY_ALIGNED,MOVE_MODULE,
https://yangjunjie-lin.github.io/KG-MNP-Demo/ontology/terms#CodeListEntry,CodeListEntry,Class,mnp-code-list,Code List Entry,码表条目,An entry in a controlled code list.,受控码表中的条目。,,,,,,false,,LOCAL_EXTENSION,PROJECT_GOVERNANCE,ACCEPT,
https://yangjunjie-lin.github.io/KG-MNP-Demo/ontology/terms#AssessmentDependency,AssessmentDependency,Class,mnp-compliance,Assessment Dependency (deprecated),评估依赖（已弃用）,Deprecated wrapper formerly linking assessments to evidence/rule versions without independent metadata.,已弃用；原用于包装评估对证据/规则版本的依赖，无独立元数据。,,,,,,true,https://yangjunjie-lin.github.io/KG-MNP-Demo/ontology/terms#usesEvidence,LOCAL_EXTENSION,LOCAL_EXTENSION,DEPRECATE,ODR-004.
https://yangjunjie-lin.github.io/KG-MNP-Demo/ontology/terms#BlockingDecision,BlockingDecision,Class,mnp-compliance,Blocking Decision,阻塞决定,Decision that portability is blocked.,携转被阻塞的决定。,EligibilityDecision,,,,,false,,LOCAL_EXTENSION,LOCAL_EXTENSION,MOVE_MODULE,
https://yangjunjie-lin.github.io/KG-MNP-Demo/ontology/terms#BlockingReason,BlockingReason,Class,mnp-compliance,Blocking Reason,阻塞原因,An independent reason that contributes to a blocking or review outcome.,导致阻塞或复核结果的独立原因。,,,,,,false,,LOCAL_EXTENSION,LOCAL_EXTENSION,MOVE_MODULE,
https://yangjunjie-lin.github.io/KG-MNP-Demo/ontology/terms#ConditionalDecision,ConditionalDecision,Class,mnp-compliance,Conditional Decision,有条件决定,Decision that portability is conditionally allowed.,有条件允许携转的决定。,EligibilityDecision,,,,,false,,LOCAL_EXTENSION,LOCAL_EXTENSION,MOVE_MODULE,
https://yangjunjie-lin.github.io/KG-MNP-Demo/ontology/terms#EligibilityAssessment,EligibilityAssessment,Class,mnp-compliance,Eligibility Assessment,资格评估,A deterministic evaluation of an MNP case against eligibility rules and evidence.,依据资格规则与证据对携转案件进行的确定性评估。,,,,,,false,,LOCAL_EXTENSION,LOCAL_EXTENSION,MOVE_MODULE,
https://yangjunjie-lin.github.io/KG-MNP-Demo/ontology/terms#EligibilityDecision,EligibilityDecision,Class,mnp-compliance,Eligibility Decision,资格决定,Abstract decision outcome of an eligibility assessment.,资格评估的抽象决定结果。,,,,,,false,,LOCAL_EXTENSION,LOCAL_EXTENSION,MOVE_MODULE,
https://yangjunjie-lin.github.io/KG-MNP-Demo/ontology/terms#EligibilityRule,EligibilityRule,Class,mnp-compliance,Eligibility Rule,资格规则,A versioned eligibility rule operationalizing regulatory clauses.,落实监管条款的版本化资格规则。,,,,,,false,,LOCAL_EXTENSION,LOCAL_EXTENSION,MOVE_MODULE,
https://yangjunjie-lin.github.io/KG-MNP-Demo/ontology/terms#EligibleDecision,EligibleDecision,Class,mnp-compliance,Eligible Decision,可携决定,Decision that the case is eligible for portability.,案件符合携转资格的决定。,EligibilityDecision,,,,,false,,LOCAL_EXTENSION,LOCAL_EXTENSION,MOVE_MODULE,
https://yangjunjie-lin.github.io/KG-MNP-Demo/ontology/terms#ManualReviewDecision,ManualReviewDecision,Class,mnp-compliance,Manual Review Decision,人工复核决定,Decision that manual review is required.,需要人工复核的决定。,EligibilityDecision,,,,,false,,LOCAL_EXTENSION,LOCAL_EXTENSION,MOVE_MODULE,
https://yangjunjie-lin.github.io/KG-MNP-Demo/ontology/terms#ReassessmentMarker,ReassessmentMarker,Class,mnp-compliance,Reassessment Marker,重评标记,Marker indicating an assessment requires reassessment after rule change.,表示规则变更后评估需重评的标记。,,,,,,false,,LOCAL_EXTENSION,LOCAL_EXTENSION,ACCEPT,
https://yangjunjie-lin.github.io/KG-MNP-Demo/ontology/terms#RegulatoryClause,RegulatoryClause,Class,mnp-compliance,Regulatory Clause,监管条款,A specific clause within a regulatory document.,监管文件中的具体条款。,,,,,,false,,LOCAL_EXTENSION,LOCAL_EXTENSION,MOVE_MODULE,
https://yangjunjie-lin.github.io/KG-MNP-Demo/ontology/terms#RegulatoryDocument,RegulatoryDocument,Class,mnp-compliance,Regulatory Document,监管文件,A regulatory or policy document containing clauses.,包含条款的监管或政策文件。,,,,,,false,,LOCAL_EXTENSION,LOCAL_EXTENSION,MOVE_MODULE,
https://yangjunjie-lin.github.io/KG-MNP-Demo/ontology/terms#RemediationAction,RemediationAction,Class,mnp-compliance,Remediation Action,处理动作,A recommended action a user or operator should take.,建议用户或运营人员采取的处理动作。,,,,,,false,,LOCAL_EXTENSION,LOCAL_EXTENSION,MOVE_MODULE,
https://yangjunjie-lin.github.io/KG-MNP-Demo/ontology/terms#RuleVersion,RuleVersion,Class,mnp-compliance,Rule Version,规则版本,A concrete version of an eligibility rule with effective dates.,带生效日期的资格规则具体版本。,,,,,,false,,LOCAL_EXTENSION,LOCAL_EXTENSION,MOVE_MODULE,
https://yangjunjie-lin.github.io/KG-MNP-Demo/ontology/terms#APIResponse,APIResponse,Class,mnp-evidence-time,API Response,接口响应证据,Evidence captured from an API response payload.,从接口响应载荷捕获的证据。,SystemObservation,,,,,false,,LOCAL_EXTENSION,LOCAL_EXTENSION,ACCEPT,
https://yangjunjie-lin.github.io/KG-MNP-Demo/ontology/terms#EvaluationTime,EvaluationTime,Class,mnp-evidence-time,Evaluation Time,评估时间点,Time resource representing an evaluation as-of instant.,表示评估基准时刻的时间资源。,,,,,,false,,LOCAL_EXTENSION,LOCAL_EXTENSION,ACCEPT,
https://yangjunjie-lin.github.io/KG-MNP-Demo/ontology/terms#EvidenceRecord,EvidenceRecord,Class,mnp-evidence-time,Evidence Record,证据记录,A dated business observation used as evidence in eligibility assessment.,用于资格评估的带时间戳业务观测证据。,,,,,,false,,LOCAL_EXTENSION,LOCAL_EXTENSION,MOVE_MODULE,
https://yangjunjie-lin.github.io/KG-MNP-Demo/ontology/terms#EvidenceValidity,EvidenceValidity,Class,mnp-evidence-time,Evidence Validity,证据有效性,A validity window annotation for an evidence record.,证据记录的有效期注解。,,,,,,false,,LOCAL_EXTENSION,LOCAL_EXTENSION,ACCEPT,
https://yangjunjie-lin.github.io/KG-MNP-Demo/ontology/terms#InformationSystem,InformationSystem,Class,mnp-evidence-time,Information System,信息系统,A source system that generates evidence observations.,产生证据观测的来源系统。,,,,,,false,,LOCAL_EXTENSION,INDUSTRY_ALIGNED,MOVE_MODULE,
https://yangjunjie-lin.github.io/KG-MNP-Demo/ontology/terms#ObservationTime,ObservationTime,Class,mnp-evidence-time,Observation Time,观测时间,Time resource representing when an observation was made.,表示观测发生时间的时间资源。,,,,,,false,,LOCAL_EXTENSION,LOCAL_EXTENSION,ACCEPT,
https://yangjunjie-lin.github.io/KG-MNP-Demo/ontology/terms#RecordedTime,RecordedTime,Class,mnp-evidence-time,Recorded Time,记录时间,Time resource representing when a fact was recorded.,表示事实被记录时间的时间资源。,,,,,,false,,LOCAL_EXTENSION,LOCAL_EXTENSION,ACCEPT,
https://yangjunjie-lin.github.io/KG-MNP-Demo/ontology/terms#SystemObservation,SystemObservation,Class,mnp-evidence-time,System Observation,系统观测,Evidence produced by an information system observation.,由信息系统观测产生的证据。,EvidenceRecord,,,,,false,,LOCAL_EXTENSION,LOCAL_EXTENSION,MOVE_MODULE,
https://yangjunjie-lin.github.io/KG-MNP-Demo/ontology/terms#IdentityDocument,IdentityDocument,Class,mnp-identity,Identity Document,身份证件,An identity document used for real-name registration.,用于实名登记的身份证件。,,,,,,false,,LOCAL_EXTENSION,LOCAL_EXTENSION,ACCEPT,
https://yangjunjie-lin.github.io/KG-MNP-Demo/ontology/terms#IdentityVerification,IdentityVerification,Class,mnp-identity,Identity Verification,实名核验,A system observation recording identity match outcome.,记录身份比对结果的系统观测。,SystemObservation,,,,,false,,LOCAL_EXTENSION,LOCAL_EXTENSION,ACCEPT,
https://yangjunjie-lin.github.io/KG-MNP-Demo/ontology/terms#NaturalPerson,NaturalPerson,Class,mnp-identity,Natural Person,自然人用户,A natural person subscriber requesting number portability.,申请携号转网的自然人用户。,Subscriber,,,,,false,,LOCAL_EXTENSION,LOCAL_EXTENSION,ACCEPT,
https://yangjunjie-lin.github.io/KG-MNP-Demo/ontology/terms#OrganisationSubscriber,OrganisationSubscriber,Class,mnp-identity,Organisation Subscriber,组织用户,An organisation acting as a telecom subscriber.,作为电信用户的组织主体。,Subscriber,,,,,false,,LOCAL_EXTENSION,LOCAL_EXTENSION,ACCEPT,
https://yangjunjie-lin.github.io/KG-MNP-Demo/ontology/terms#PhoneNumber,PhoneNumber,Class,mnp-identity,Phone Number,电话号码,A telephone number that may be the subject of an MNP case.,可作为携号转网案件标的的电话号码。,,,,,,false,,LOCAL_EXTENSION,LOCAL_EXTENSION,MOVE_MODULE,
https://yangjunjie-lin.github.io/KG-MNP-Demo/ontology/terms#PhoneNumberOwnership,PhoneNumberOwnership,Class,mnp-identity,Phone Number Ownership Assertion,号码归属主张,"An asserted ownership or assignment relationship between a holder and a phone number, distinct from subscription assignment.",持有人与号码之间的归属主张，区别于订阅分配关系。,,,,,,false,,LOCAL_EXTENSION,LOCAL_EXTENSION,MODIFY,Clarified as assertion class; operational assignment uses assignedToSubscription.
https://yangjunjie-lin.github.io/KG-MNP-Demo/ontology/terms#RealNameRegistration,RealNameRegistration,Class,mnp-identity,Real Name Registration,实名登记,A real-name registration record linking a subscriber to identity evidence.,将用户与身份证据关联的实名登记记录。,,,,,,false,,LOCAL_EXTENSION,LOCAL_EXTENSION,ACCEPT,
https://yangjunjie-lin.github.io/KG-MNP-Demo/ontology/terms#Subscriber,Subscriber,Class,mnp-identity,Subscriber,用户,A person or organisation that holds telecom subscriptions and may request number portability.,持有电信订阅并可申请携号转网的自然人或组织。,,,,,,false,,LOCAL_EXTENSION,INDUSTRY_ALIGNED,MOVE_MODULE,Moved from core to identity.
https://yangjunjie-lin.github.io/KG-MNP-Demo/ontology/terms#MappingRecord,MappingRecord,Class,mnp-modeling-provenance,Mapping Record,映射记录,A documented mapping from an external API field to an MNP term.,从外部 API 字段到 MNP 术语的文档化映射。,,,,,,false,,LOCAL_EXTENSION,PROJECT_GOVERNANCE,MOVE_MODULE,ODR-005: moved out of core.
https://yangjunjie-lin.github.io/KG-MNP-Demo/ontology/terms#MappingRule,MappingRule,Class,mnp-modeling-provenance,Mapping Rule,映射规则,A reusable rule describing how source fields map to ontology terms.,描述来源字段如何映射到本体术语的可复用规则。,,,,,,false,,LOCAL_EXTENSION,PROJECT_GOVERNANCE,ACCEPT,
https://yangjunjie-lin.github.io/KG-MNP-Demo/ontology/terms#ModelingAssertion,ModelingAssertion,Class,mnp-modeling-provenance,Modeling Assertion,建模断言,"A proposed or confirmed assertion about ontology modeling, distinct from business case facts.",关于本体建模的提议或确认断言，区别于业务案件事实。,,,,,,false,,LOCAL_EXTENSION,PROJECT_GOVERNANCE,ACCEPT,ODR-005 TBox only.
https://yangjunjie-lin.github.io/KG-MNP-Demo/ontology/terms#ModelingEvidence,ModelingEvidence,Class,mnp-modeling-provenance,Modeling Evidence,建模证据,Evidence supporting a modeling assertion; not a business EvidenceRecord.,支撑建模断言的证据；不是业务 EvidenceRecord。,,,,,,false,,LOCAL_EXTENSION,PROJECT_GOVERNANCE,ACCEPT,ODR-005: disjoint from business evidence conceptually.
https://yangjunjie-lin.github.io/KG-MNP-Demo/ontology/terms#RelationAssertion,RelationAssertion,Class,mnp-modeling-provenance,Relation Assertion,关系断言,A modeling assertion that proposes a relation between terms or instances for review.,提议术语或实例间关系以供审核的建模断言。,ModelingAssertion,,,,,false,,LOCAL_EXTENSION,PROJECT_GOVERNANCE,ACCEPT,
https://yangjunjie-lin.github.io/KG-MNP-Demo/ontology/terms#ReviewDecision,ReviewDecision,Class,mnp-modeling-provenance,Review Decision,建模审核决定,A human review decision on a modeling assertion; not an EligibilityDecision.,对建模断言的人工审核决定；不是资格决定。,,,,,,false,,LOCAL_EXTENSION,PROJECT_GOVERNANCE,ACCEPT,ODR-005: must not be confused with eligibility decisions.
https://yangjunjie-lin.github.io/KG-MNP-Demo/ontology/terms#SourceField,SourceField,Class,mnp-modeling-provenance,Source Field,来源字段,A field within a source record used in a mapping.,映射所使用的来源记录中的字段。,,,,,,false,,LOCAL_EXTENSION,PROJECT_GOVERNANCE,ACCEPT,
https://yangjunjie-lin.github.io/KG-MNP-Demo/ontology/terms#SourceRecord,SourceRecord,Class,mnp-modeling-provenance,Source Record,来源记录,A source system or document record used as modeling input.,用作建模输入的来源系统或文件记录。,,,,,,false,,LOCAL_EXTENSION,PROJECT_GOVERNANCE,ACCEPT,
https://yangjunjie-lin.github.io/KG-MNP-Demo/ontology/terms#AuthorizationCode,AuthorizationCode,Class,mnp-process,Authorization Code,授权码,A time-bounded authorization code for port-in submission.,用于携入提交的有时限授权码。,,,,,,false,,LOCAL_EXTENSION,LOCAL_EXTENSION,ACCEPT,
https://yangjunjie-lin.github.io/KG-MNP-Demo/ontology/terms#AuthorizationCodeRequest,AuthorizationCodeRequest,Class,mnp-process,Authorization Code Request,授权码申请,Process step for requesting an authorization code.,申请授权码的流程步骤。,ProcessStep,,,,,false,,LOCAL_EXTENSION,LOCAL_EXTENSION,ACCEPT,
https://yangjunjie-lin.github.io/KG-MNP-Demo/ontology/terms#EligibilityCheck,EligibilityCheck,Class,mnp-process,Eligibility Check,资格检查步骤,Process step for eligibility checking.,资格检查流程步骤。,ProcessStep,,,,,false,,LOCAL_EXTENSION,LOCAL_EXTENSION,ACCEPT,
https://yangjunjie-lin.github.io/KG-MNP-Demo/ontology/terms#MNPCase,MNPCase,Class,mnp-process,MNP Case,携转案件,A mobile number portability request case.,携号转网申请案件。,,,,,,false,,LOCAL_EXTENSION,LOCAL_EXTENSION,MOVE_MODULE,
https://yangjunjie-lin.github.io/KG-MNP-Demo/ontology/terms#MNPCaseStatus,MNPCaseStatus,Class,mnp-process,MNP Case Status,案件流程状态,Lifecycle status of an MNP case.,携转案件生命周期状态。,,,,,,false,,LOCAL_EXTENSION,LOCAL_EXTENSION,ACCEPT,
https://yangjunjie-lin.github.io/KG-MNP-Demo/ontology/terms#MNPRequest,MNPRequest,Class,mnp-process,MNP Request,携转申请,An MNP request specialization of an MNP case.,作为携转案件特例的携转申请。,MNPCase,,,,,false,,LOCAL_EXTENSION,LOCAL_EXTENSION,ACCEPT,
https://yangjunjie-lin.github.io/KG-MNP-Demo/ontology/terms#PortInSubmission,PortInSubmission,Class,mnp-process,Port-In Submission,携入提交,Process step for port-in submission.,携入提交流程步骤。,ProcessStep,,,,,false,,LOCAL_EXTENSION,LOCAL_EXTENSION,ACCEPT,
https://yangjunjie-lin.github.io/KG-MNP-Demo/ontology/terms#PortingConfirmation,PortingConfirmation,Class,mnp-process,Porting Confirmation,携转确认,Process step for porting confirmation.,携转确认流程步骤。,ProcessStep,,,,,false,,LOCAL_EXTENSION,LOCAL_EXTENSION,ACCEPT,
https://yangjunjie-lin.github.io/KG-MNP-Demo/ontology/terms#PortingExecution,PortingExecution,Class,mnp-process,Porting Execution,携转执行,Process step for porting execution.,携转执行流程步骤。,ProcessStep,,,,,false,,LOCAL_EXTENSION,LOCAL_EXTENSION,ACCEPT,
https://yangjunjie-lin.github.io/KG-MNP-Demo/ontology/terms#ProcessEvent,ProcessEvent,Class,mnp-process,Process Event,流程事件,An event recorded during process execution.,流程执行期间记录的事件。,,,,,,false,,LOCAL_EXTENSION,LOCAL_EXTENSION,ACCEPT,
https://yangjunjie-lin.github.io/KG-MNP-Demo/ontology/terms#ProcessStep,ProcessStep,Class,mnp-process,Process Step,流程步骤,A discrete step in the MNP process lifecycle.,携转流程生命周期中的离散步骤。,,,,,,false,,LOCAL_EXTENSION,LOCAL_EXTENSION,ACCEPT,
https://yangjunjie-lin.github.io/KG-MNP-Demo/ontology/terms#BroadbandService,BroadbandService,Class,mnp-service-contract,Broadband Service,宽带服务,A broadband access service offering.,宽带接入服务。,TelecomService,,,,,false,,LOCAL_EXTENSION,LOCAL_EXTENSION,ACCEPT,
https://yangjunjie-lin.github.io/KG-MNP-Demo/ontology/terms#CommitmentPeriod,CommitmentPeriod,Class,mnp-service-contract,Commitment Period,承诺期,A contractual commitment period attached to a service contract.,附属于服务合约的承诺期。,,,,,,false,,LOCAL_EXTENSION,LOCAL_EXTENSION,ACCEPT,
https://yangjunjie-lin.github.io/KG-MNP-Demo/ontology/terms#ConvergedService,ConvergedService,Class,mnp-service-contract,Converged Service,融合业务,A converged multi-product service bundle.,融合多产品服务包。,TelecomService,,,,,false,,LOCAL_EXTENSION,LOCAL_EXTENSION,ACCEPT,
https://yangjunjie-lin.github.io/KG-MNP-Demo/ontology/terms#MobilePlan,MobilePlan,Class,mnp-service-contract,Mobile Plan,移动套餐,A mobile telephony plan offering.,移动电话套餐。,TelecomService,,,,,false,,LOCAL_EXTENSION,LOCAL_EXTENSION,ACCEPT,
https://yangjunjie-lin.github.io/KG-MNP-Demo/ontology/terms#ServiceContract,ServiceContract,Class,mnp-service-contract,Service Contract,服务合约,A contractual commitment that may restrict portability until end time.,可能在截止前限制携转的服务合约。,,,,,,false,,LOCAL_EXTENSION,LOCAL_EXTENSION,MOVE_MODULE,
https://yangjunjie-lin.github.io/KG-MNP-Demo/ontology/terms#ServiceSubscription,ServiceSubscription,Class,mnp-service-contract,Service Subscription,服务订阅,An instantiated subscription linking a subscriber to a telecom service and billing account.,将用户关联到电信服务与计费账户的订阅实例。,,,,,,false,,LOCAL_EXTENSION,INDUSTRY_ALIGNED,MOVE_MODULE,
https://yangjunjie-lin.github.io/KG-MNP-Demo/ontology/terms#SupplementaryCardService,SupplementaryCardService,Class,mnp-service-contract,Supplementary Card Service,副卡业务,A supplementary SIM card service.,副卡服务。,TelecomService,,,,,false,,LOCAL_EXTENSION,LOCAL_EXTENSION,ACCEPT,
https://yangjunjie-lin.github.io/KG-MNP-Demo/ontology/terms#TelecomService,TelecomService,Class,mnp-service-contract,Telecom Service,电信服务,A catalogued telecom service or product offering.,目录化的电信服务或产品。,,,,,,false,,LOCAL_EXTENSION,INDUSTRY_ALIGNED,MOVE_MODULE,
https://yangjunjie-lin.github.io/KG-MNP-Demo/ontology/terms#TerminationAgreement,TerminationAgreement,Class,mnp-service-contract,Termination Agreement,解除协议,An agreement to terminate a service contract.,终止服务合约的解除协议。,,,,,,false,,LOCAL_EXTENSION,LOCAL_EXTENSION,ACCEPT,
https://yangjunjie-lin.github.io/KG-MNP-Demo/ontology/terms#ValueAddedService,ValueAddedService,Class,mnp-service-contract,Value-Added Service,增值业务,A value-added telecom service.,电信增值业务。,TelecomService,,,,,false,,LOCAL_EXTENSION,LOCAL_EXTENSION,ACCEPT,
https://yangjunjie-lin.github.io/KG-MNP-Demo/ontology/terms#arrangementStatusCode,arrangementStatusCode,DatatypeProperty,mnp-account-billing,arrangement status code,缴费安排状态码,Status code of a payment arrangement.,缴费安排状态代码。,,PaymentArrangement,xsd:string,,,false,,LOCAL_EXTENSION,LOCAL_EXTENSION,ACCEPT,
https://yangjunjie-lin.github.io/KG-MNP-Demo/ontology/terms#billPeriodEnd,billPeriodEnd,DatatypeProperty,mnp-account-billing,bill period end,账期结束,End datetime of a bill period.,账单账期结束时间。,,Bill,xsd:dateTime,,,false,,LOCAL_EXTENSION,LOCAL_EXTENSION,ACCEPT,
https://yangjunjie-lin.github.io/KG-MNP-Demo/ontology/terms#billPeriodStart,billPeriodStart,DatatypeProperty,mnp-account-billing,bill period start,账期开始,Start datetime of a bill period.,账单账期开始时间。,,Bill,xsd:dateTime,,,false,,LOCAL_EXTENSION,LOCAL_EXTENSION,ACCEPT,
https://yangjunjie-lin.github.io/KG-MNP-Demo/ontology/terms#chargeAmount,chargeAmount,DatatypeProperty,mnp-account-billing,charge amount,费用金额,Monetary amount of a charge.,费用项金额。,,Charge,xsd:decimal,,,false,,LOCAL_EXTENSION,LOCAL_EXTENSION,ACCEPT,
https://yangjunjie-lin.github.io/KG-MNP-Demo/ontology/terms#paymentAmount,paymentAmount,DatatypeProperty,mnp-account-billing,payment amount,缴费金额,Monetary amount of a payment.,缴费金额。,,Payment,xsd:decimal,,,false,,LOCAL_EXTENSION,LOCAL_EXTENSION,ACCEPT,
https://yangjunjie-lin.github.io/KG-MNP-Demo/ontology/terms#codeLabelEn,codeLabelEn,DatatypeProperty,mnp-code-list,code label (English),代码英文标签,English label of a code list entry.,码表条目的英文标签。,,CodeListEntry,xsd:string,,,false,,LOCAL_EXTENSION,PROJECT_GOVERNANCE,ACCEPT,
https://yangjunjie-lin.github.io/KG-MNP-Demo/ontology/terms#codeLabelZh,codeLabelZh,DatatypeProperty,mnp-code-list,code label (Chinese),代码中文标签,Chinese label of a code list entry.,码表条目的中文标签。,,CodeListEntry,xsd:string,,,false,,LOCAL_EXTENSION,PROJECT_GOVERNANCE,ACCEPT,
https://yangjunjie-lin.github.io/KG-MNP-Demo/ontology/terms#codeListName,codeListName,DatatypeProperty,mnp-code-list,code list name,码表名称,Name of the controlled code list.,受控码表名称。,,CodeListEntry,xsd:string,,,false,,LOCAL_EXTENSION,PROJECT_GOVERNANCE,ACCEPT,
https://yangjunjie-lin.github.io/KG-MNP-Demo/ontology/terms#codeValue,codeValue,DatatypeProperty,mnp-code-list,code value,代码值,Canonical value of a code list entry.,码表条目的规范代码值。,,CodeListEntry,xsd:string,,,false,,LOCAL_EXTENSION,PROJECT_GOVERNANCE,ACCEPT,
https://yangjunjie-lin.github.io/KG-MNP-Demo/ontology/terms#actionCode,actionCode,DatatypeProperty,mnp-compliance,action code,动作代码,Code identifying a remediation action.,处理动作识别代码。,,RemediationAction,xsd:string,,,false,,LOCAL_EXTENSION,LOCAL_EXTENSION,MOVE_MODULE,
https://yangjunjie-lin.github.io/KG-MNP-Demo/ontology/terms#actionDescription,actionDescription,DatatypeProperty,mnp-compliance,action description,动作说明,Human-readable description of a remediation action.,处理动作的可读说明。,,RemediationAction,xsd:string,,,false,,LOCAL_EXTENSION,LOCAL_EXTENSION,ACCEPT,
https://yangjunjie-lin.github.io/KG-MNP-Demo/ontology/terms#assessmentIdentifier,assessmentIdentifier,DatatypeProperty,mnp-compliance,assessment identifier,评估编号,Business identifier of an eligibility assessment.,资格评估业务编号。,,EligibilityAssessment,xsd:string,,,false,,LOCAL_EXTENSION,LOCAL_EXTENSION,MOVE_MODULE,
https://yangjunjie-lin.github.io/KG-MNP-Demo/ontology/terms#assessmentTime,assessmentTime,DatatypeProperty,mnp-compliance,assessment time,评估时间,As-of datetime used when selecting rule versions and evaluating evidence validity.,选择规则版本并评估证据有效性时使用的基准时间。,,EligibilityAssessment,xsd:dateTime,,,false,,LOCAL_EXTENSION,LOCAL_EXTENSION,MOVE_MODULE,
https://yangjunjie-lin.github.io/KG-MNP-Demo/ontology/terms#clauseIdentifier,clauseIdentifier,DatatypeProperty,mnp-compliance,clause identifier,条款编号,Business identifier of a regulatory clause.,监管条款业务编号。,,RegulatoryClause,xsd:string,,,false,,LOCAL_EXTENSION,LOCAL_EXTENSION,MOVE_MODULE,
https://yangjunjie-lin.github.io/KG-MNP-Demo/ontology/terms#clauseText,clauseText,DatatypeProperty,mnp-compliance,clause text,条款文本,Textual content of a regulatory clause.,监管条款文本内容。,,RegulatoryClause,xsd:string,,,false,,LOCAL_EXTENSION,LOCAL_EXTENSION,ACCEPT,
https://yangjunjie-lin.github.io/KG-MNP-Demo/ontology/terms#decisionCode,decisionCode,DatatypeProperty,mnp-compliance,decision code,决定代码,Code of an eligibility decision outcome.,资格决定结果代码。,,EligibilityDecision,xsd:string,,,false,,LOCAL_EXTENSION,LOCAL_EXTENSION,MOVE_MODULE,
https://yangjunjie-lin.github.io/KG-MNP-Demo/ontology/terms#documentIdentifier,documentIdentifier,DatatypeProperty,mnp-compliance,document identifier,文件编号,Business identifier of a regulatory document.,监管文件业务编号。,,RegulatoryDocument,xsd:string,,,false,,LOCAL_EXTENSION,LOCAL_EXTENSION,MOVE_MODULE,
https://yangjunjie-lin.github.io/KG-MNP-Demo/ontology/terms#effectiveFrom,effectiveFrom,DatatypeProperty,mnp-compliance,effective from,生效自,Datetime from which a rule version is effective.,规则版本生效起始时间。,,,xsd:dateTime,,,false,,LOCAL_EXTENSION,LOCAL_EXTENSION,MOVE_MODULE,
https://yangjunjie-lin.github.io/KG-MNP-Demo/ontology/terms#effectiveTo,effectiveTo,DatatypeProperty,mnp-compliance,effective to,生效至,Datetime until which a rule version is effective.,规则版本生效截止时间。,,,xsd:dateTime,,,false,,LOCAL_EXTENSION,LOCAL_EXTENSION,MOVE_MODULE,
https://yangjunjie-lin.github.io/KG-MNP-Demo/ontology/terms#reasonCode,reasonCode,DatatypeProperty,mnp-compliance,reason code,原因代码,Code identifying a blocking reason.,阻塞原因识别代码。,,BlockingReason,xsd:string,,,false,,LOCAL_EXTENSION,LOCAL_EXTENSION,MOVE_MODULE,
https://yangjunjie-lin.github.io/KG-MNP-Demo/ontology/terms#reasonDescription,reasonDescription,DatatypeProperty,mnp-compliance,reason description,原因说明,Human-readable description of a blocking reason.,阻塞原因的可读说明。,,BlockingReason,xsd:string,,,false,,LOCAL_EXTENSION,LOCAL_EXTENSION,ACCEPT,
https://yangjunjie-lin.github.io/KG-MNP-Demo/ontology/terms#reassessmentReason,reassessmentReason,DatatypeProperty,mnp-compliance,reassessment reason,重评原因,Reason text for a reassessment marker.,重评标记的原因文本。,,ReassessmentMarker,xsd:string,,,false,,LOCAL_EXTENSION,LOCAL_EXTENSION,ACCEPT,
https://yangjunjie-lin.github.io/KG-MNP-Demo/ontology/terms#requiresReassessment,requiresReassessment,DatatypeProperty,mnp-compliance,requires reassessment,需要重评,Boolean flag indicating reassessment is required.,表示需要重评的布尔标志。,,EligibilityAssessment,xsd:boolean,,,false,,LOCAL_EXTENSION,LOCAL_EXTENSION,MOVE_MODULE,
https://yangjunjie-lin.github.io/KG-MNP-Demo/ontology/terms#ruleIdentifier,ruleIdentifier,DatatypeProperty,mnp-compliance,rule identifier,规则编号,Business identifier of an eligibility rule.,资格规则业务编号。,,EligibilityRule,xsd:string,,,false,,LOCAL_EXTENSION,LOCAL_EXTENSION,MOVE_MODULE,
https://yangjunjie-lin.github.io/KG-MNP-Demo/ontology/terms#ruleVersion,ruleVersion,DatatypeProperty,mnp-compliance,rule version label,规则版本标签,Version label string for a rule or rule version.,规则或规则版本的版本标签字符串。,,,xsd:string,,,false,,LOCAL_EXTENSION,LOCAL_EXTENSION,MOVE_MODULE,
https://yangjunjie-lin.github.io/KG-MNP-Demo/ontology/terms#moduleCode,moduleCode,DatatypeProperty,mnp-core,Module Code,模块代码,Catalog module code identifying the defining ontology module for a term.,标识术语所属正式本体模块的目录代码。,,,xsd:string,,,false,,LOCAL_EXTENSION,PROJECT_GOVERNANCE,ACCEPT,
https://yangjunjie-lin.github.io/KG-MNP-Demo/ontology/terms#apiEndpointCode,apiEndpointCode,DatatypeProperty,mnp-evidence-time,API endpoint code,接口端点代码,Code identifying the API endpoint that produced evidence.,产生证据的接口端点代码。,,APIResponse,xsd:string,,,false,,LOCAL_EXTENSION,LOCAL_EXTENSION,ACCEPT,
https://yangjunjie-lin.github.io/KG-MNP-Demo/ontology/terms#currencyCode,currencyCode,DatatypeProperty,mnp-evidence-time,currency code,币种代码,ISO-like currency code for an observed amount.,观测金额的币种代码。,,EvidenceRecord,xsd:string,,,false,,LOCAL_EXTENSION,LOCAL_EXTENSION,MOVE_MODULE,
https://yangjunjie-lin.github.io/KG-MNP-Demo/ontology/terms#daysSinceLastPort,daysSinceLastPort,DatatypeProperty,mnp-evidence-time,days since last port,距上次携转天数,Observed days since last portability event.,距上次携转事件的天数观测。,,EvidenceRecord,xsd:integer,,,false,,LOCAL_EXTENSION,LOCAL_EXTENSION,MOVE_MODULE,
https://yangjunjie-lin.github.io/KG-MNP-Demo/ontology/terms#evidenceGeneratedAt,evidenceGeneratedAt,DatatypeProperty,mnp-evidence-time,evidence generated at,证据生成时间,Datetime when evidence was generated.,证据生成时间。,,EvidenceRecord,xsd:dateTime,,,false,,LOCAL_EXTENSION,LOCAL_EXTENSION,MOVE_MODULE,
https://yangjunjie-lin.github.io/KG-MNP-Demo/ontology/terms#evidenceStatus,evidenceStatus,DatatypeProperty,mnp-evidence-time,evidence status,证据状态,Status code of an evidence record (VALID/EXPIRED/REVOKED/UNKNOWN).,证据记录状态码（VALID/EXPIRED/REVOKED/UNKNOWN）。,,EvidenceRecord,xsd:string,,,false,,LOCAL_EXTENSION,LOCAL_EXTENSION,MOVE_MODULE,
https://yangjunjie-lin.github.io/KG-MNP-Demo/ontology/terms#evidenceType,evidenceType,DatatypeProperty,mnp-evidence-time,evidence type,证据类型,Type code classifying an evidence record.,证据记录类型代码。,,EvidenceRecord,xsd:string,,,false,,LOCAL_EXTENSION,LOCAL_EXTENSION,MOVE_MODULE,
https://yangjunjie-lin.github.io/KG-MNP-Demo/ontology/terms#evidenceValidUntil,evidenceValidUntil,DatatypeProperty,mnp-evidence-time,evidence valid until,证据有效期至,Datetime until which evidence remains valid.,证据有效截止时间。,,EvidenceRecord,xsd:dateTime,,,false,,LOCAL_EXTENSION,LOCAL_EXTENSION,MOVE_MODULE,
https://yangjunjie-lin.github.io/KG-MNP-Demo/ontology/terms#hasPaymentArrangement,hasPaymentArrangement,DatatypeProperty,mnp-evidence-time,has payment arrangement,是否有缴费安排,Boolean flag on evidence indicating a payment arrangement.,证据上表示是否存在缴费安排的布尔标志。,,EvidenceRecord,xsd:boolean,,,false,,LOCAL_EXTENSION,LOCAL_EXTENSION,MOVE_MODULE,
https://yangjunjie-lin.github.io/KG-MNP-Demo/ontology/terms#identityMatchFlag,identityMatchFlag,DatatypeProperty,mnp-evidence-time,identity match flag,身份匹配标志,Boolean flag indicating identity match on evidence.,证据上的身份匹配布尔标志。,,EvidenceRecord,xsd:boolean,,,false,,LOCAL_EXTENSION,LOCAL_EXTENSION,MOVE_MODULE,
https://yangjunjie-lin.github.io/KG-MNP-Demo/ontology/terms#numberStatusCode,numberStatusCode,DatatypeProperty,mnp-evidence-time,number status code,号码状态码,Number status observed on evidence.,证据中观测到的号码状态。,,EvidenceRecord,xsd:string,,,false,,LOCAL_EXTENSION,LOCAL_EXTENSION,MOVE_MODULE,
https://yangjunjie-lin.github.io/KG-MNP-Demo/ontology/terms#observedAmount,observedAmount,DatatypeProperty,mnp-evidence-time,observed amount,观测金额,Observed monetary amount on an evidence record.,证据记录上的观测金额。,,EvidenceRecord,xsd:decimal,,,false,,LOCAL_EXTENSION,LOCAL_EXTENSION,MOVE_MODULE,
https://yangjunjie-lin.github.io/KG-MNP-Demo/ontology/terms#systemIdentifier,systemIdentifier,DatatypeProperty,mnp-evidence-time,system identifier,系统标识,Business identifier of an information system.,信息系统业务标识。,,InformationSystem,xsd:string,,,false,,LOCAL_EXTENSION,LOCAL_EXTENSION,MOVE_MODULE,
https://yangjunjie-lin.github.io/KG-MNP-Demo/ontology/terms#timeInstant,timeInstant,DatatypeProperty,mnp-evidence-time,time instant,时间瞬间,xsd:dateTime value carried by a time resource.,时间资源承载的 xsd:dateTime 值。,,,xsd:dateTime,,,false,,LOCAL_EXTENSION,LOCAL_EXTENSION,ACCEPT,
https://yangjunjie-lin.github.io/KG-MNP-Demo/ontology/terms#validityEnd,validityEnd,DatatypeProperty,mnp-evidence-time,validity end,有效期结束,End of an evidence validity window.,证据有效期结束。,,EvidenceValidity,xsd:dateTime,,,false,,LOCAL_EXTENSION,LOCAL_EXTENSION,ACCEPT,
https://yangjunjie-lin.github.io/KG-MNP-Demo/ontology/terms#validityStart,validityStart,DatatypeProperty,mnp-evidence-time,validity start,有效期开始,Start of an evidence validity window.,证据有效期开始。,,EvidenceValidity,xsd:dateTime,,,false,,LOCAL_EXTENSION,LOCAL_EXTENSION,ACCEPT,
https://yangjunjie-lin.github.io/KG-MNP-Demo/ontology/terms#documentNumberMasked,documentNumberMasked,DatatypeProperty,mnp-identity,masked document number,掩码证件号,Masked identity document number.,经过掩码处理的证件号码。,,IdentityDocument,xsd:string,,,false,,LOCAL_EXTENSION,LOCAL_EXTENSION,ACCEPT,
https://yangjunjie-lin.github.io/KG-MNP-Demo/ontology/terms#documentTypeCode,documentTypeCode,DatatypeProperty,mnp-identity,document type code,证件类型代码,Controlled code for identity document type.,身份证件类型受控代码。,,IdentityDocument,xsd:string,,,false,,LOCAL_EXTENSION,LOCAL_EXTENSION,ACCEPT,
https://yangjunjie-lin.github.io/KG-MNP-Demo/ontology/terms#maskedPhoneNumber,maskedPhoneNumber,DatatypeProperty,mnp-identity,masked phone number,掩码电话号码,A privacy-preserving masked representation of a phone number.,电话号码的隐私掩码表示。,,PhoneNumber,xsd:string,,,false,,LOCAL_EXTENSION,LOCAL_EXTENSION,MOVE_MODULE,
https://yangjunjie-lin.github.io/KG-MNP-Demo/ontology/terms#verificationOutcome,verificationOutcome,DatatypeProperty,mnp-identity,verification outcome,核验结果,Outcome code of an identity verification.,身份核验结果代码。,,IdentityVerification,xsd:string,,,false,,LOCAL_EXTENSION,LOCAL_EXTENSION,ACCEPT,
https://yangjunjie-lin.github.io/KG-MNP-Demo/ontology/terms#mappingReviewStatus,mappingReviewStatus,DatatypeProperty,mnp-modeling-provenance,mapping review status,映射审核状态,Review status of a mapping record.,映射记录的审核状态。,,MappingRecord,xsd:string,,,false,,LOCAL_EXTENSION,PROJECT_GOVERNANCE,MOVE_MODULE,
https://yangjunjie-lin.github.io/KG-MNP-Demo/ontology/terms#reviewOutcomeCode,reviewOutcomeCode,DatatypeProperty,mnp-modeling-provenance,review outcome code,审核结果代码,Outcome code of a modeling review decision.,建模审核决定的结果代码。,,ReviewDecision,xsd:string,,,false,,LOCAL_EXTENSION,PROJECT_GOVERNANCE,ACCEPT,
https://yangjunjie-lin.github.io/KG-MNP-Demo/ontology/terms#sourceApi,sourceApi,DatatypeProperty,mnp-modeling-provenance,source API,来源 API,Identifier of the source API for a mapping record.,映射记录的来源 API 标识。,,MappingRecord,xsd:string,,,false,,LOCAL_EXTENSION,PROJECT_GOVERNANCE,MOVE_MODULE,
https://yangjunjie-lin.github.io/KG-MNP-Demo/ontology/terms#sourceFieldPath,sourceFieldPath,DatatypeProperty,mnp-modeling-provenance,source field path,来源字段路径,Path of the source field within an API payload.,API 载荷中来源字段的路径。,,MappingRecord,xsd:string,,,false,,LOCAL_EXTENSION,PROJECT_GOVERNANCE,MOVE_MODULE,
https://yangjunjie-lin.github.io/KG-MNP-Demo/ontology/terms#targetTerm,targetTerm,DatatypeProperty,mnp-modeling-provenance,target term,目标术语,Local name or IRI string of the target ontology term.,目标本体术语的本地名或 IRI 字符串。,,MappingRecord,xsd:string,,,false,,LOCAL_EXTENSION,PROJECT_GOVERNANCE,MOVE_MODULE,
https://yangjunjie-lin.github.io/KG-MNP-Demo/ontology/terms#authCodeIssuedAt,authCodeIssuedAt,DatatypeProperty,mnp-process,authorization code issued at,授权码签发时间,Issuance datetime of an authorization code.,授权码签发时间。,,AuthorizationCode,xsd:dateTime,,,false,,LOCAL_EXTENSION,LOCAL_EXTENSION,ACCEPT,
https://yangjunjie-lin.github.io/KG-MNP-Demo/ontology/terms#authCodeStatus,authCodeStatus,DatatypeProperty,mnp-process,authorization code status,授权码状态,Status code of an authorization code.,授权码状态代码。,,AuthorizationCode,xsd:string,,,false,,LOCAL_EXTENSION,LOCAL_EXTENSION,ACCEPT,
https://yangjunjie-lin.github.io/KG-MNP-Demo/ontology/terms#authCodeValidUntil,authCodeValidUntil,DatatypeProperty,mnp-process,authorization code valid until,授权码有效期至,Validity end datetime of an authorization code.,授权码有效截止时间。,,AuthorizationCode,xsd:dateTime,,,false,,LOCAL_EXTENSION,LOCAL_EXTENSION,ACCEPT,
https://yangjunjie-lin.github.io/KG-MNP-Demo/ontology/terms#authCodeValueMasked,authCodeValueMasked,DatatypeProperty,mnp-process,masked authorization code,掩码授权码,Masked authorization code value.,经过掩码的授权码值。,,AuthorizationCode,xsd:string,,,false,,LOCAL_EXTENSION,LOCAL_EXTENSION,ACCEPT,
https://yangjunjie-lin.github.io/KG-MNP-Demo/ontology/terms#caseIdentifier,caseIdentifier,DatatypeProperty,mnp-process,case identifier,案件编号,Business identifier of an MNP case.,携转案件业务编号。,,MNPCase,xsd:string,,,false,,LOCAL_EXTENSION,LOCAL_EXTENSION,MOVE_MODULE,
https://yangjunjie-lin.github.io/KG-MNP-Demo/ontology/terms#caseStatusCode,caseStatusCode,DatatypeProperty,mnp-process,case status code,案件状态码,Status code of an MNP case status resource.,携转案件状态资源的状态代码。,,MNPCaseStatus,xsd:string,,,false,,LOCAL_EXTENSION,LOCAL_EXTENSION,ACCEPT,
https://yangjunjie-lin.github.io/KG-MNP-Demo/ontology/terms#eventTime,eventTime,DatatypeProperty,mnp-process,event time,事件时间,Datetime of a process event.,流程事件发生时间。,,ProcessEvent,xsd:dateTime,,,false,,LOCAL_EXTENSION,LOCAL_EXTENSION,ACCEPT,
https://yangjunjie-lin.github.io/KG-MNP-Demo/ontology/terms#eventTypeCode,eventTypeCode,DatatypeProperty,mnp-process,event type code,事件类型码,Type code of a process event.,流程事件类型代码。,,ProcessEvent,xsd:string,,,false,,LOCAL_EXTENSION,LOCAL_EXTENSION,ACCEPT,
https://yangjunjie-lin.github.io/KG-MNP-Demo/ontology/terms#stepCode,stepCode,DatatypeProperty,mnp-process,step code,步骤代码,Code identifying a process step.,流程步骤识别代码。,,ProcessStep,xsd:string,,,false,,LOCAL_EXTENSION,LOCAL_EXTENSION,ACCEPT,
https://yangjunjie-lin.github.io/KG-MNP-Demo/ontology/terms#commitmentEndTime,commitmentEndTime,DatatypeProperty,mnp-service-contract,commitment end time,承诺期结束,End datetime of a commitment period.,承诺期结束时间。,,CommitmentPeriod,xsd:dateTime,,,false,,LOCAL_EXTENSION,LOCAL_EXTENSION,ACCEPT,
https://yangjunjie-lin.github.io/KG-MNP-Demo/ontology/terms#commitmentStartTime,commitmentStartTime,DatatypeProperty,mnp-service-contract,commitment start time,承诺期开始,Start datetime of a commitment period.,承诺期开始时间。,,CommitmentPeriod,xsd:dateTime,,,false,,LOCAL_EXTENSION,LOCAL_EXTENSION,ACCEPT,
https://yangjunjie-lin.github.io/KG-MNP-Demo/ontology/terms#contractEndTime,contractEndTime,DatatypeProperty,mnp-service-contract,contract end time,合约截止时间,End datetime of a service contract or contract-status evidence observation. No single OWL domain; constrained by SHACL profiles.,服务合约或合约状态证据的截止时间。无单一 OWL Domain；由 SHACL 配置约束。,,,xsd:dateTime,,,false,,LOCAL_EXTENSION,LOCAL_EXTENSION,MODIFY,Domain removed to avoid typing EvidenceRecord as ServiceContract.
https://yangjunjie-lin.github.io/KG-MNP-Demo/ontology/terms#contractStatusCode,contractStatusCode,DatatypeProperty,mnp-service-contract,contract status code,合约状态码,Status code of a service contract or contract-status evidence observation. No single OWL domain (used on contracts and evidence); constrained by SHACL profiles.,服务合约或合约状态证据观测的状态码。无单一 OWL Domain（合约与证据共用）；由 SHACL 配置约束。,,,xsd:string,,,false,,LOCAL_EXTENSION,LOCAL_EXTENSION,MODIFY,Domain removed to avoid typing EvidenceRecord as ServiceContract.
https://yangjunjie-lin.github.io/KG-MNP-Demo/ontology/terms#subscriptionStatusCode,subscriptionStatusCode,DatatypeProperty,mnp-service-contract,subscription status code,订阅状态码,Status code of a service subscription.,服务订阅状态代码。,,ServiceSubscription,xsd:string,,,false,,LOCAL_EXTENSION,LOCAL_EXTENSION,MOVE_MODULE,
https://yangjunjie-lin.github.io/KG-MNP-Demo/ontology/terms#terminationEffectiveAt,terminationEffectiveAt,DatatypeProperty,mnp-service-contract,termination effective at,解除协议生效时间,Datetime when a termination agreement becomes effective.,解除协议生效时间。,,TerminationAgreement,xsd:dateTime,,,false,,LOCAL_EXTENSION,LOCAL_EXTENSION,ACCEPT,
https://yangjunjie-lin.github.io/KG-MNP-Demo/ontology/terms#terminationSignedAt,terminationSignedAt,DatatypeProperty,mnp-service-contract,termination signed at,解除协议签署时间,Datetime when a termination agreement was signed.,解除协议签署时间。,,TerminationAgreement,xsd:dateTime,,,false,,LOCAL_EXTENSION,LOCAL_EXTENSION,ACCEPT,
https://yangjunjie-lin.github.io/KG-MNP-Demo/ontology/terms#terminationStatusCode,terminationStatusCode,DatatypeProperty,mnp-service-contract,termination status code,解除协议状态码,Status code of a termination agreement.,解除协议状态代码。,,TerminationAgreement,xsd:string,,,false,,LOCAL_EXTENSION,LOCAL_EXTENSION,ACCEPT,
https://yangjunjie-lin.github.io/KG-MNP-Demo/ontology/terms#Code-Auth-EXPIRED,Code-Auth-EXPIRED,Individual,mnp-code-list,Auth code EXPIRED,授权码-过期,Controlled code for expired authorization code status.,授权码过期状态的受控代码。,,,,,,false,,LOCAL_EXTENSION,PROJECT_GOVERNANCE,ACCEPT,
https://yangjunjie-lin.github.io/KG-MNP-Demo/ontology/terms#Code-Auth-MISSING,Code-Auth-MISSING,Individual,mnp-code-list,Auth code MISSING,授权码-缺失,Controlled code for missing authorization code status.,授权码缺失状态的受控代码。,,,,,,false,,LOCAL_EXTENSION,PROJECT_GOVERNANCE,ACCEPT,
https://yangjunjie-lin.github.io/KG-MNP-Demo/ontology/terms#Code-Auth-VALID,Code-Auth-VALID,Individual,mnp-code-list,Auth code VALID,授权码-有效,Controlled code for valid authorization code status.,授权码有效状态的受控代码。,,,,,,false,,LOCAL_EXTENSION,PROJECT_GOVERNANCE,ACCEPT,
https://yangjunjie-lin.github.io/KG-MNP-Demo/ontology/terms#Code-Evidence-EXPIRED,Code-Evidence-EXPIRED,Individual,mnp-code-list,Evidence status EXPIRED,证据状态-过期,Controlled code for expired evidence status.,证据过期状态的受控代码。,,,,,,false,,LOCAL_EXTENSION,PROJECT_GOVERNANCE,ACCEPT,
https://yangjunjie-lin.github.io/KG-MNP-Demo/ontology/terms#Code-Evidence-VALID,Code-Evidence-VALID,Individual,mnp-code-list,Evidence status VALID,证据状态-有效,Controlled code for valid evidence status.,证据有效状态的受控代码。,,,,,,false,,LOCAL_EXTENSION,PROJECT_GOVERNANCE,ACCEPT,
https://yangjunjie-lin.github.io/KG-MNP-Demo/ontology/terms#Code-Step-AUTHORIZATION_CODE_REQUEST,Code-Step-AUTHORIZATION_CODE_REQUEST,Individual,mnp-code-list,Step AUTHORIZATION_CODE_REQUEST,步骤-授权码申请,Controlled code for authorization code request step.,授权码申请流程步骤受控代码。,,,,,,false,,LOCAL_EXTENSION,PROJECT_GOVERNANCE,ACCEPT,
https://yangjunjie-lin.github.io/KG-MNP-Demo/ontology/terms#Code-Step-ELIGIBILITY_CHECK,Code-Step-ELIGIBILITY_CHECK,Individual,mnp-code-list,Step ELIGIBILITY_CHECK,步骤-资格检查,Controlled code for eligibility check process step.,资格检查流程步骤受控代码。,,,,,,false,,LOCAL_EXTENSION,PROJECT_GOVERNANCE,ACCEPT,
https://yangjunjie-lin.github.io/KG-MNP-Demo/ontology/terms#Code-Step-PORT_IN_SUBMISSION,Code-Step-PORT_IN_SUBMISSION,Individual,mnp-code-list,Step PORT_IN_SUBMISSION,步骤-携入提交,Controlled code for port-in submission process step.,携入提交流程步骤受控代码。,,,,,,false,,LOCAL_EXTENSION,PROJECT_GOVERNANCE,ACCEPT,
https://yangjunjie-lin.github.io/KG-MNP-Demo/ontology/terms#hasBill,hasBill,ObjectProperty,mnp-account-billing,has bill,有账单,Links a billing account to a bill.,将计费账户关联到账单。,,BillingAccount,Bill,,,false,,LOCAL_EXTENSION,LOCAL_EXTENSION,ACCEPT,
https://yangjunjie-lin.github.io/KG-MNP-Demo/ontology/terms#hasCharge,hasCharge,ObjectProperty,mnp-account-billing,has charge,有费用项,Links a bill to a charge line.,将账单关联到费用项。,,Bill,Charge,,,false,,LOCAL_EXTENSION,LOCAL_EXTENSION,ACCEPT,
https://yangjunjie-lin.github.io/KG-MNP-Demo/ontology/terms#hasPayment,hasPayment,ObjectProperty,mnp-account-billing,has payment,有缴费,Links a billing account to a payment.,将计费账户关联到缴费。,,BillingAccount,Payment,,,false,,LOCAL_EXTENSION,LOCAL_EXTENSION,ACCEPT,
https://yangjunjie-lin.github.io/KG-MNP-Demo/ontology/terms#hasPaymentArrangementRecord,hasPaymentArrangementRecord,ObjectProperty,mnp-account-billing,has payment arrangement,有缴费安排,Links a billing account to a payment arrangement.,将计费账户关联到缴费安排。,,BillingAccount,PaymentArrangement,,,false,,LOCAL_EXTENSION,LOCAL_EXTENSION,ACCEPT,
https://yangjunjie-lin.github.io/KG-MNP-Demo/ontology/terms#observesAccount,observesAccount,ObjectProperty,mnp-account-billing,observes account,观测账户,Links an outstanding balance observation to the observed billing account.,将欠费观测关联到被观测的计费账户。,,OutstandingBalanceObservation,BillingAccount,,,false,,LOCAL_EXTENSION,LOCAL_EXTENSION,ACCEPT,
https://yangjunjie-lin.github.io/KG-MNP-Demo/ontology/terms#relatedAccount,relatedAccount,ObjectProperty,mnp-account-billing,related account (deprecated),相关账户（已弃用）,Deprecated redundant link from Subscriber to TelecomAccount; use billedThrough on ServiceSubscription.,已弃用的用户到账户冗余关系；请使用订阅上的 billedThrough。,,Subscriber,TelecomAccount,,,true,https://yangjunjie-lin.github.io/KG-MNP-Demo/ontology/terms#billedThrough,LOCAL_EXTENSION,LOCAL_EXTENSION,DEPRECATE,ODR-001.
https://yangjunjie-lin.github.io/KG-MNP-Demo/ontology/terms#settlesAccount,settlesAccount,ObjectProperty,mnp-account-billing,settles account,结清账户,Links a billing settlement to the settled account.,将结清事件关联到被结清账户。,,BillingSettlement,BillingAccount,,,false,,LOCAL_EXTENSION,LOCAL_EXTENSION,ACCEPT,
https://yangjunjie-lin.github.io/KG-MNP-Demo/ontology/terms#aboutCase,aboutCase,ObjectProperty,mnp-compliance,about case,关于案件,Links an assessment to the MNP case it evaluates.,将评估关联到其所评估的携转案件。,,EligibilityAssessment,MNPCase,,,false,,LOCAL_EXTENSION,LOCAL_EXTENSION,MOVE_MODULE,
https://yangjunjie-lin.github.io/KG-MNP-Demo/ontology/terms#affectsAssessment,affectsAssessment,ObjectProperty,mnp-compliance,affects assessment,影响评估,Links a newer rule version to assessments affected by supersession.,将新规则版本关联到受其替代影响的评估。,,RuleVersion,EligibilityAssessment,,,false,,LOCAL_EXTENSION,LOCAL_EXTENSION,MOVE_MODULE,
https://yangjunjie-lin.github.io/KG-MNP-Demo/ontology/terms#citesClause,citesClause,ObjectProperty,mnp-compliance,cites clause,引用条款,Links a blocking reason to a cited regulatory clause.,将阻塞原因关联到所引用的监管条款。,,BlockingReason,RegulatoryClause,,,false,,LOCAL_EXTENSION,LOCAL_EXTENSION,MOVE_MODULE,
https://yangjunjie-lin.github.io/KG-MNP-Demo/ontology/terms#dependsOn,dependsOn,ObjectProperty,mnp-compliance,depends on (deprecated),依赖于（已弃用）,Deprecated assessment-to-dependency wrapper property.,已弃用的评估依赖包装属性。,,EligibilityAssessment,AssessmentDependency,,,true,https://yangjunjie-lin.github.io/KG-MNP-Demo/ontology/terms#usesEvidence,LOCAL_EXTENSION,LOCAL_EXTENSION,DEPRECATE,ODR-004.
https://yangjunjie-lin.github.io/KG-MNP-Demo/ontology/terms#dependsOnEvidence,dependsOnEvidence,ObjectProperty,mnp-compliance,depends on evidence (deprecated),依赖证据（已弃用）,Deprecated; use usesEvidence directly.,已弃用；请直接使用 usesEvidence。,,AssessmentDependency,EvidenceRecord,,,true,https://yangjunjie-lin.github.io/KG-MNP-Demo/ontology/terms#usesEvidence,LOCAL_EXTENSION,LOCAL_EXTENSION,DEPRECATE,
https://yangjunjie-lin.github.io/KG-MNP-Demo/ontology/terms#dependsOnRuleVersion,dependsOnRuleVersion,ObjectProperty,mnp-compliance,depends on rule version (deprecated),依赖规则版本（已弃用）,Deprecated; use usesRuleVersion directly.,已弃用；请直接使用 usesRuleVersion。,,AssessmentDependency,RuleVersion,,,true,https://yangjunjie-lin.github.io/KG-MNP-Demo/ontology/terms#usesRuleVersion,LOCAL_EXTENSION,LOCAL_EXTENSION,DEPRECATE,
https://yangjunjie-lin.github.io/KG-MNP-Demo/ontology/terms#evaluatedByRule,evaluatedByRule,ObjectProperty,mnp-compliance,evaluated by rule,由规则评估,Links an assessment to an eligibility rule consulted.,将评估关联到所参照的资格规则。,,EligibilityAssessment,EligibilityRule,,,false,,LOCAL_EXTENSION,LOCAL_EXTENSION,MOVE_MODULE,
https://yangjunjie-lin.github.io/KG-MNP-Demo/ontology/terms#hasBlockingReason,hasBlockingReason,ObjectProperty,mnp-compliance,has blocking reason,有阻塞原因,Links an eligibility decision to a blocking reason that justifies it.,将资格决定关联到支撑该决定的阻塞原因。,,EligibilityDecision,BlockingReason,,,false,,LOCAL_EXTENSION,LOCAL_EXTENSION,ACCEPT,ODR-002 replacement for producesBlockingReason.
https://yangjunjie-lin.github.io/KG-MNP-Demo/ontology/terms#hasRuleVersion,hasRuleVersion,ObjectProperty,mnp-compliance,has rule version,有规则版本,Links an eligibility rule to a concrete rule version.,将资格规则关联到具体规则版本。,,EligibilityRule,RuleVersion,,,false,,LOCAL_EXTENSION,LOCAL_EXTENSION,MOVE_MODULE,
https://yangjunjie-lin.github.io/KG-MNP-Demo/ontology/terms#markedForReassessment,markedForReassessment,ObjectProperty,mnp-compliance,marked for reassessment,标记需重评,Links an assessment to a reassessment marker.,将评估关联到重评标记。,,EligibilityAssessment,ReassessmentMarker,,,false,,LOCAL_EXTENSION,LOCAL_EXTENSION,ACCEPT,
https://yangjunjie-lin.github.io/KG-MNP-Demo/ontology/terms#operationalizesClause,operationalizesClause,ObjectProperty,mnp-compliance,operationalizes clause,落实条款,Links an eligibility rule to a regulatory clause it operationalizes.,将资格规则关联到其所落实的监管条款。,,EligibilityRule,RegulatoryClause,,,false,,LOCAL_EXTENSION,LOCAL_EXTENSION,MOVE_MODULE,
https://yangjunjie-lin.github.io/KG-MNP-Demo/ontology/terms#partOfDocument,partOfDocument,ObjectProperty,mnp-compliance,part of document,属于文件,Links a regulatory clause to its parent document.,将监管条款关联到所属文件。,,RegulatoryClause,RegulatoryDocument,,,false,,LOCAL_EXTENSION,LOCAL_EXTENSION,MOVE_MODULE,
https://yangjunjie-lin.github.io/KG-MNP-Demo/ontology/terms#producesBlockingReason,producesBlockingReason,ObjectProperty,mnp-compliance,produces blocking reason (deprecated),产生阻塞原因（已弃用）,Deprecated. Blocking reasons attach to decisions via hasBlockingReason.,已弃用。阻塞原因通过 hasBlockingReason 挂在决定上。,,EligibilityAssessment,BlockingReason,,,true,https://yangjunjie-lin.github.io/KG-MNP-Demo/ontology/terms#hasBlockingReason,LOCAL_EXTENSION,LOCAL_EXTENSION,DEPRECATE,ODR-002.
https://yangjunjie-lin.github.io/KG-MNP-Demo/ontology/terms#producesDecision,producesDecision,ObjectProperty,mnp-compliance,produces decision,产生决定,Links an eligibility assessment to its formal decision outcome.,将资格评估关联到正式决定结果。,,EligibilityAssessment,EligibilityDecision,,FunctionalProperty,false,,LOCAL_EXTENSION,LOCAL_EXTENSION,MOVE_MODULE,ODR-002.
https://yangjunjie-lin.github.io/KG-MNP-Demo/ontology/terms#recommendsAction,recommendsAction,ObjectProperty,mnp-compliance,recommends action,建议动作,Links a blocking reason to a remediation action.,将阻塞原因关联到处理动作。,,BlockingReason,RemediationAction,,,false,,LOCAL_EXTENSION,LOCAL_EXTENSION,MOVE_MODULE,
https://yangjunjie-lin.github.io/KG-MNP-Demo/ontology/terms#supersedesRuleVersion,supersedesRuleVersion,ObjectProperty,mnp-compliance,supersedes rule version,替代规则版本,Links a rule version to the prior version it supersedes.,将规则版本关联到其所替代的先前版本。,,RuleVersion,RuleVersion,,,false,,LOCAL_EXTENSION,LOCAL_EXTENSION,ACCEPT,
https://yangjunjie-lin.github.io/KG-MNP-Demo/ontology/terms#supportedByEvidence,supportedByEvidence,ObjectProperty,mnp-compliance,supported by evidence,由证据支持,Links a blocking reason to supporting evidence.,将阻塞原因关联到支持证据。,,BlockingReason,EvidenceRecord,,,false,,LOCAL_EXTENSION,LOCAL_EXTENSION,MOVE_MODULE,
https://yangjunjie-lin.github.io/KG-MNP-Demo/ontology/terms#triggeredByRule,triggeredByRule,ObjectProperty,mnp-compliance,triggered by rule,由规则触发,Links a blocking reason to the triggering eligibility rule.,将阻塞原因关联到触发规则。,,BlockingReason,EligibilityRule,,,false,,LOCAL_EXTENSION,LOCAL_EXTENSION,MOVE_MODULE,
https://yangjunjie-lin.github.io/KG-MNP-Demo/ontology/terms#triggeredByRuleVersion,triggeredByRuleVersion,ObjectProperty,mnp-compliance,triggered by rule version,由规则版本触发,Links a blocking reason to the triggering rule version.,将阻塞原因关联到触发规则版本。,,BlockingReason,RuleVersion,,,false,,LOCAL_EXTENSION,LOCAL_EXTENSION,MOVE_MODULE,
https://yangjunjie-lin.github.io/KG-MNP-Demo/ontology/terms#usesEvidence,usesEvidence,ObjectProperty,mnp-compliance,uses evidence,使用证据,Links an eligibility assessment to the evidence snapshot actually used in that assessment.,将资格评估关联到该次评估实际使用的证据快照。,,EligibilityAssessment,EvidenceRecord,,,false,,LOCAL_EXTENSION,LOCAL_EXTENSION,MOVE_MODULE,ODR-003/004.
https://yangjunjie-lin.github.io/KG-MNP-Demo/ontology/terms#usesRuleVersion,usesRuleVersion,ObjectProperty,mnp-compliance,uses rule version,使用规则版本,Links an assessment to the concrete rule version used.,将评估关联到实际使用的规则版本。,,EligibilityAssessment,RuleVersion,,,false,,LOCAL_EXTENSION,LOCAL_EXTENSION,MOVE_MODULE,
https://yangjunjie-lin.github.io/KG-MNP-Demo/ontology/terms#evaluatedAtTime,evaluatedAtTime,ObjectProperty,mnp-evidence-time,evaluated at time,评估于,Links an assessment-related resource to an evaluation time.,将评估相关资源关联到评估时间。,,EligibilityAssessment,EvaluationTime,,,false,,LOCAL_EXTENSION,LOCAL_EXTENSION,ACCEPT,
https://yangjunjie-lin.github.io/KG-MNP-Demo/ontology/terms#evidenceForCase,evidenceForCase,ObjectProperty,mnp-evidence-time,evidence for case,作为案件证据,Inverse of hasCaseEvidence; links an evidence record to the case it belongs to.,hasCaseEvidence 的逆属性；将证据记录关联到所属案件。,,EvidenceRecord,MNPCase,hasCaseEvidence,,false,,LOCAL_EXTENSION,LOCAL_EXTENSION,MOVE_MODULE,ODR-003: retained inverse.
https://yangjunjie-lin.github.io/KG-MNP-Demo/ontology/terms#hasEvidenceValidity,hasEvidenceValidity,ObjectProperty,mnp-evidence-time,has evidence validity,有证据有效性,Links an evidence record to a validity annotation.,将证据记录关联到有效性注解。,,EvidenceRecord,EvidenceValidity,,,false,,LOCAL_EXTENSION,LOCAL_EXTENSION,ACCEPT,
https://yangjunjie-lin.github.io/KG-MNP-Demo/ontology/terms#hasSourceSystem,hasSourceSystem,ObjectProperty,mnp-evidence-time,has source system,有来源系统,Links an evidence record to its producing information system.,将证据记录关联到产生它的信息系统。,,EvidenceRecord,InformationSystem,,,false,,LOCAL_EXTENSION,LOCAL_EXTENSION,MOVE_MODULE,
https://yangjunjie-lin.github.io/KG-MNP-Demo/ontology/terms#observedAtTime,observedAtTime,ObjectProperty,mnp-evidence-time,observed at time,观测于,Links an observation to an observation time resource.,将观测关联到观测时间资源。,,EvidenceRecord,ObservationTime,,,false,,LOCAL_EXTENSION,LOCAL_EXTENSION,ACCEPT,
https://yangjunjie-lin.github.io/KG-MNP-Demo/ontology/terms#recordedAtTime,recordedAtTime,ObjectProperty,mnp-evidence-time,recorded at time,记录于,Links a record to a recorded-time resource.,将记录关联到记录时间资源。,,EvidenceRecord,RecordedTime,,,false,,LOCAL_EXTENSION,LOCAL_EXTENSION,ACCEPT,
https://yangjunjie-lin.github.io/KG-MNP-Demo/ontology/terms#assertsOwnership,assertsOwnership,ObjectProperty,mnp-identity,asserts ownership,主张归属,Links an ownership assertion record to a phone number.,将归属主张记录关联到电话号码。,,PhoneNumberOwnership,PhoneNumber,,,false,,LOCAL_EXTENSION,LOCAL_EXTENSION,ACCEPT,
https://yangjunjie-lin.github.io/KG-MNP-Demo/ontology/terms#assignedToSubscription,assignedToSubscription,ObjectProperty,mnp-identity,assigned to subscription,分配至订阅,Links a phone number to the service subscription to which it is assigned.,将电话号码关联到其被分配的服务订阅。,,PhoneNumber,ServiceSubscription,,,false,,LOCAL_EXTENSION,LOCAL_EXTENSION,ACCEPT,ODR-001; replaces ownsPhoneNumber ownership semantics.
https://yangjunjie-lin.github.io/KG-MNP-Demo/ontology/terms#hasIdentityDocument,hasIdentityDocument,ObjectProperty,mnp-identity,has identity document,有身份证件,Links a subscriber to an identity document.,将用户关联到身份证件。,,Subscriber,IdentityDocument,,,false,,LOCAL_EXTENSION,LOCAL_EXTENSION,ACCEPT,
https://yangjunjie-lin.github.io/KG-MNP-Demo/ontology/terms#hasRealNameRegistration,hasRealNameRegistration,ObjectProperty,mnp-identity,has real-name registration,有实名登记,Links a subscriber to a real-name registration record.,将用户关联到实名登记记录。,,Subscriber,RealNameRegistration,,,false,,LOCAL_EXTENSION,LOCAL_EXTENSION,ACCEPT,
https://yangjunjie-lin.github.io/KG-MNP-Demo/ontology/terms#hasSubscription,hasSubscription,ObjectProperty,mnp-identity,has subscription (deprecated),有订阅（已弃用）,Deprecated synonym of holdsSubscription.,已弃用，请使用 holdsSubscription。,,Subscriber,ServiceSubscription,,,true,https://yangjunjie-lin.github.io/KG-MNP-Demo/ontology/terms#holdsSubscription,LOCAL_EXTENSION,LOCAL_EXTENSION,DEPRECATE,ODR-001.
https://yangjunjie-lin.github.io/KG-MNP-Demo/ontology/terms#holdsSubscription,holdsSubscription,ObjectProperty,mnp-identity,holds subscription,持有订阅,Links a subscriber to a service subscription they hold.,将用户关联到其持有的服务订阅。,,Subscriber,ServiceSubscription,,,false,,LOCAL_EXTENSION,LOCAL_EXTENSION,ACCEPT,ODR-001 replacement for hasSubscription.
https://yangjunjie-lin.github.io/KG-MNP-Demo/ontology/terms#ownershipHolder,ownershipHolder,ObjectProperty,mnp-identity,ownership holder,归属持有人,Links an ownership assertion to the asserting subscriber.,将归属主张关联到主张方用户。,,PhoneNumberOwnership,Subscriber,,,false,,LOCAL_EXTENSION,LOCAL_EXTENSION,ACCEPT,
https://yangjunjie-lin.github.io/KG-MNP-Demo/ontology/terms#ownsPhoneNumber,ownsPhoneNumber,ObjectProperty,mnp-identity,owns phone number (deprecated),拥有号码（已弃用）,Deprecated. Previously linked Subscriber to PhoneNumber with ambiguous ownership semantics.,已弃用。原用于连接用户与号码，但“拥有”语义含糊。,,Subscriber,PhoneNumber,,,true,https://yangjunjie-lin.github.io/KG-MNP-Demo/ontology/terms#assignedToSubscription,LOCAL_EXTENSION,LOCAL_EXTENSION,DEPRECATE,ODR-001: use holdsSubscription + assignedToSubscription chain.
https://yangjunjie-lin.github.io/KG-MNP-Demo/ontology/terms#verifiedBy,verifiedBy,ObjectProperty,mnp-identity,verified by,由...核验,Links a real-name registration to an identity verification observation.,将实名登记关联到身份核验观测。,,RealNameRegistration,IdentityVerification,,,false,,LOCAL_EXTENSION,LOCAL_EXTENSION,ACCEPT,
https://yangjunjie-lin.github.io/KG-MNP-Demo/ontology/terms#fieldOfSource,fieldOfSource,ObjectProperty,mnp-modeling-provenance,field of source,属于来源,Links a source field to its parent source record.,将来源字段关联到所属来源记录。,,SourceField,SourceRecord,,,false,,LOCAL_EXTENSION,PROJECT_GOVERNANCE,ACCEPT,
https://yangjunjie-lin.github.io/KG-MNP-Demo/ontology/terms#hasModelingEvidence,hasModelingEvidence,ObjectProperty,mnp-modeling-provenance,has modeling evidence,有建模证据,Links a modeling assertion to modeling evidence.,将建模断言关联到建模证据。,,ModelingAssertion,ModelingEvidence,,,false,,LOCAL_EXTENSION,PROJECT_GOVERNANCE,ACCEPT,
https://yangjunjie-lin.github.io/KG-MNP-Demo/ontology/terms#hasReviewDecision,hasReviewDecision,ObjectProperty,mnp-modeling-provenance,has review decision,有审核决定,Links a modeling assertion to a review decision.,将建模断言关联到审核决定。,,ModelingAssertion,ReviewDecision,,,false,,LOCAL_EXTENSION,PROJECT_GOVERNANCE,ACCEPT,
https://yangjunjie-lin.github.io/KG-MNP-Demo/ontology/terms#mapsSourceField,mapsSourceField,ObjectProperty,mnp-modeling-provenance,maps source field,映射来源字段,Links a mapping record to a source field.,将映射记录关联到来源字段。,,MappingRecord,SourceField,,,false,,LOCAL_EXTENSION,PROJECT_GOVERNANCE,ACCEPT,
https://yangjunjie-lin.github.io/KG-MNP-Demo/ontology/terms#usesMappingRule,usesMappingRule,ObjectProperty,mnp-modeling-provenance,uses mapping rule,使用映射规则,Links a mapping record to a mapping rule.,将映射记录关联到映射规则。,,MappingRecord,MappingRule,,,false,,LOCAL_EXTENSION,PROJECT_GOVERNANCE,ACCEPT,
https://yangjunjie-lin.github.io/KG-MNP-Demo/ontology/terms#concernsNumber,concernsNumber,ObjectProperty,mnp-process,concerns number,涉及号码,Links an MNP case to the phone number concerned.,将携转案件关联到所涉号码。,,MNPCase,PhoneNumber,,,false,,LOCAL_EXTENSION,LOCAL_EXTENSION,MOVE_MODULE,
https://yangjunjie-lin.github.io/KG-MNP-Demo/ontology/terms#currentProcessStep,currentProcessStep,ObjectProperty,mnp-process,current process step,当前流程步骤,Links an MNP case to its current process step.,将携转案件关联到当前流程步骤。,,MNPCase,ProcessStep,,,false,,LOCAL_EXTENSION,LOCAL_EXTENSION,ACCEPT,
https://yangjunjie-lin.github.io/KG-MNP-Demo/ontology/terms#hasAuthorizationCode,hasAuthorizationCode,ObjectProperty,mnp-process,has authorization code,有授权码,Links an MNP case to an authorization code.,将携转案件关联到授权码。,,MNPCase,AuthorizationCode,,,false,,LOCAL_EXTENSION,LOCAL_EXTENSION,ACCEPT,
https://yangjunjie-lin.github.io/KG-MNP-Demo/ontology/terms#hasCaseEvidence,hasCaseEvidence,ObjectProperty,mnp-process,has case evidence,有案件证据,Links an MNP case to evidence records available for evaluating that case.,将携转案件关联到可用于评估该案件的证据记录。,,MNPCase,EvidenceRecord,evidenceForCase,,false,,LOCAL_EXTENSION,LOCAL_EXTENSION,MOVE_MODULE,"ODR-003: availability, not assessment use."
https://yangjunjie-lin.github.io/KG-MNP-Demo/ontology/terms#hasCaseStatus,hasCaseStatus,ObjectProperty,mnp-process,has case status,有案件状态,Links an MNP case to a case status.,将携转案件关联到案件状态。,,MNPCase,MNPCaseStatus,,,false,,LOCAL_EXTENSION,LOCAL_EXTENSION,ACCEPT,
https://yangjunjie-lin.github.io/KG-MNP-Demo/ontology/terms#hasEligibilityAssessment,hasEligibilityAssessment,ObjectProperty,mnp-process,has eligibility assessment,有资格评估,Links an MNP case to an eligibility assessment.,将携转案件关联到资格评估。,,MNPCase,EligibilityAssessment,,,false,,LOCAL_EXTENSION,LOCAL_EXTENSION,MOVE_MODULE,
https://yangjunjie-lin.github.io/KG-MNP-Demo/ontology/terms#hasProcessEvent,hasProcessEvent,ObjectProperty,mnp-process,has process event,有流程事件,Links an MNP case to a process event.,将携转案件关联到流程事件。,,MNPCase,ProcessEvent,,,false,,LOCAL_EXTENSION,LOCAL_EXTENSION,ACCEPT,
https://yangjunjie-lin.github.io/KG-MNP-Demo/ontology/terms#hasProcessStep,hasProcessStep,ObjectProperty,mnp-process,has process step,有流程步骤,Links an MNP case to a process step.,将携转案件关联到流程步骤。,,MNPCase,ProcessStep,,,false,,LOCAL_EXTENSION,LOCAL_EXTENSION,ACCEPT,
https://yangjunjie-lin.github.io/KG-MNP-Demo/ontology/terms#nextProcessStep,nextProcessStep,ObjectProperty,mnp-process,next process step,下一流程步骤,Links a process step to its successor step.,将流程步骤关联到后续步骤。,,ProcessStep,ProcessStep,,,false,,LOCAL_EXTENSION,LOCAL_EXTENSION,ACCEPT,
https://yangjunjie-lin.github.io/KG-MNP-Demo/ontology/terms#requestedBy,requestedBy,ObjectProperty,mnp-process,requested by,由...申请,Links an MNP case to the requesting subscriber.,将携转案件关联到申请人。,,MNPCase,Subscriber,,,false,,LOCAL_EXTENSION,LOCAL_EXTENSION,MOVE_MODULE,
https://yangjunjie-lin.github.io/KG-MNP-Demo/ontology/terms#billedThrough,billedThrough,ObjectProperty,mnp-service-contract,billed through,经账户计费,Links a service subscription to the telecom account used for billing.,将服务订阅关联到用于计费的电信账户。,,ServiceSubscription,TelecomAccount,,,false,,LOCAL_EXTENSION,LOCAL_EXTENSION,MODIFY,ODR-001: domain changed from Subscriber to ServiceSubscription.
https://yangjunjie-lin.github.io/KG-MNP-Demo/ontology/terms#coversService,coversService,ObjectProperty,mnp-service-contract,covers service,覆盖服务,Links a contract or commitment to a covered telecom service.,将合约或承诺期关联到覆盖的电信服务。,,ServiceContract,TelecomService,,,false,,LOCAL_EXTENSION,LOCAL_EXTENSION,ACCEPT,
https://yangjunjie-lin.github.io/KG-MNP-Demo/ontology/terms#governedByContract,governedByContract,ObjectProperty,mnp-service-contract,governed by contract,受合约约束,Links a service subscription to its governing service contract.,将服务订阅关联到约束它的服务合约。,,ServiceSubscription,ServiceContract,,,false,,LOCAL_EXTENSION,LOCAL_EXTENSION,MOVE_MODULE,
https://yangjunjie-lin.github.io/KG-MNP-Demo/ontology/terms#hasCommitmentPeriod,hasCommitmentPeriod,ObjectProperty,mnp-service-contract,has commitment period,有承诺期,Links a service contract to a commitment period.,将服务合约关联到承诺期。,,ServiceContract,CommitmentPeriod,,,false,,LOCAL_EXTENSION,LOCAL_EXTENSION,ACCEPT,
https://yangjunjie-lin.github.io/KG-MNP-Demo/ontology/terms#hasTerminationAgreement,hasTerminationAgreement,ObjectProperty,mnp-service-contract,has termination agreement,有解除协议,Links a service contract to a termination agreement.,将服务合约关联到解除协议。,,ServiceContract,TerminationAgreement,,,false,,LOCAL_EXTENSION,LOCAL_EXTENSION,ACCEPT,
https://yangjunjie-lin.github.io/KG-MNP-Demo/ontology/terms#subscribesToService,subscribesToService,ObjectProperty,mnp-service-contract,subscribes to service,订阅服务,Links a service subscription to the subscribed telecom service.,将服务订阅关联到所订阅的电信服务。,,ServiceSubscription,TelecomService,,,false,,LOCAL_EXTENSION,LOCAL_EXTENSION,MOVE_MODULE,
https://yangjunjie-lin.github.io/KG-MNP-Demo/ontology/kg-mnp,kg-mnp,Ontology,kg-mnp,kg-mnp,kg-mnp,Ontology module resource kg-mnp,本体模块资源 kg-mnp,,,,,,false,,PROJECT_GOVERNANCE,PROJECT_GOVERNANCE,ACCEPT,Ontology document IRI
https://yangjunjie-lin.github.io/KG-MNP-Demo/ontology/mnp-account-billing,mnp-account-billing,Ontology,mnp-account-billing,mnp-account-billing,mnp-account-billing,Ontology module resource mnp-account-billing,本体模块资源 mnp-account-billing,,,,,,false,,PROJECT_GOVERNANCE,PROJECT_GOVERNANCE,ACCEPT,Ontology document IRI
https://yangjunjie-lin.github.io/KG-MNP-Demo/ontology/mnp-alignments,mnp-alignments,Ontology,mnp-alignments,mnp-alignments,mnp-alignments,Ontology module resource mnp-alignments,本体模块资源 mnp-alignments,,,,,,false,,PROJECT_GOVERNANCE,PROJECT_GOVERNANCE,ACCEPT,Ontology document IRI
https://yangjunjie-lin.github.io/KG-MNP-Demo/ontology/mnp-code-list,mnp-code-list,Ontology,mnp-code-list,mnp-code-list,mnp-code-list,Ontology module resource mnp-code-list,本体模块资源 mnp-code-list,,,,,,false,,PROJECT_GOVERNANCE,PROJECT_GOVERNANCE,ACCEPT,Ontology document IRI
https://yangjunjie-lin.github.io/KG-MNP-Demo/ontology/mnp-compliance,mnp-compliance,Ontology,mnp-compliance,mnp-compliance,mnp-compliance,Ontology module resource mnp-compliance,本体模块资源 mnp-compliance,,,,,,false,,PROJECT_GOVERNANCE,PROJECT_GOVERNANCE,ACCEPT,Ontology document IRI
https://yangjunjie-lin.github.io/KG-MNP-Demo/ontology/mnp-core,mnp-core,Ontology,mnp-core,mnp-core,mnp-core,Ontology module resource mnp-core,本体模块资源 mnp-core,,,,,,false,,PROJECT_GOVERNANCE,PROJECT_GOVERNANCE,ACCEPT,Ontology document IRI
https://yangjunjie-lin.github.io/KG-MNP-Demo/ontology/mnp-evidence-time,mnp-evidence-time,Ontology,mnp-evidence-time,mnp-evidence-time,mnp-evidence-time,Ontology module resource mnp-evidence-time,本体模块资源 mnp-evidence-time,,,,,,false,,PROJECT_GOVERNANCE,PROJECT_GOVERNANCE,ACCEPT,Ontology document IRI
https://yangjunjie-lin.github.io/KG-MNP-Demo/ontology/mnp-identity,mnp-identity,Ontology,mnp-identity,mnp-identity,mnp-identity,Ontology module resource mnp-identity,本体模块资源 mnp-identity,,,,,,false,,PROJECT_GOVERNANCE,PROJECT_GOVERNANCE,ACCEPT,Ontology document IRI
https://yangjunjie-lin.github.io/KG-MNP-Demo/ontology/mnp-modeling-provenance,mnp-modeling-provenance,Ontology,mnp-modeling-provenance,mnp-modeling-provenance,mnp-modeling-provenance,Ontology module resource mnp-modeling-provenance,本体模块资源 mnp-modeling-provenance,,,,,,false,,PROJECT_GOVERNANCE,PROJECT_GOVERNANCE,ACCEPT,Ontology document IRI
https://yangjunjie-lin.github.io/KG-MNP-Demo/ontology/mnp-process,mnp-process,Ontology,mnp-process,mnp-process,mnp-process,Ontology module resource mnp-process,本体模块资源 mnp-process,,,,,,false,,PROJECT_GOVERNANCE,PROJECT_GOVERNANCE,ACCEPT,Ontology document IRI
https://yangjunjie-lin.github.io/KG-MNP-Demo/ontology/mnp-service-contract,mnp-service-contract,Ontology,mnp-service-contract,mnp-service-contract,mnp-service-contract,Ontology module resource mnp-service-contract,本体模块资源 mnp-service-contract,,,,,,false,,PROJECT_GOVERNANCE,PROJECT_GOVERNANCE,ACCEPT,Ontology document IRI
